,isco_08_key,fraktion,Berufsgattung(ISCO-Stufe 4),Anzahl,median_brutto_group_mean
0,110.0,Staatsangestellte,Offiziere in regulären Streitkräften,22030.0,5330.0
1,310.0,Staatsangestellte,Angehörige der regulären Streitkräfte in sonstigen Rängen,107160.0,2627.0
2,1112.0,Top Management,Leitende Verwaltungsbedienstete,15660.0,8746.0
3,1114.0,Top Management,Leitende Bedienstete von Interessenorganisationen,6280.0,6307.0
4,1120.0,Top Management,Geschäftsführer und Vorstände,487470.0,8816.0
5,1211.0,Mittleres Management,Führungskräfte im Bereich Finanzen,61810.0,7988.0
6,1212.0,Mittleres Management,Führungskräfte im Personalwesen,59510.0,6485.5
7,1219.0,Mittleres Management,"Führungskräfte in der betrieblichen Verwaltung und in unternehmensbezogenen Dienstleistungen, anderweitig nicht genannt",107630.0,5265.0
8,1221.0,Mittleres Management,Führungskräfte in Vertrieb und Marketing,167690.0,7898.0
9,1222.0,Mittleres Management,Führungskräfte in Werbung und Öffentlichkeitsarbeit,33210.0,6321.333333333333
10,1223.0,Mittleres Management,Führungskräfte in Forschung und Entwicklung,14130.0,9725.0
11,1321.0,Mittleres Management,Führungskräfte in der Produktion bei der Herstellung von Waren,140680.0,5852.25
12,1324.0,Mittleres Management,"Führungskräfte in der Beschaffung, Logistik und in verwandten Bereichen",96300.0,5075.0
13,1330.0,Mittleres Management,Führungskräfte in der Erbringung von Dienstleistungen im Bereich Informations- und Kommunikationstechnologie,97750.0,8215.666666666666
14,1342.0,Mittleres Management,Führungskräfte in der Erbringung von Dienstleistungen im Gesundheitswesen,55410.0,7263.0
15,1343.0,Mittleres Management,Führungskräfte in der Erbringung von Dienstleistungen der Altenbetreuung,11460.0,5781.0
16,1345.0,Mittleres Management,Führungskräfte in der Erbringung von Dienstleistungen des Bildungswesens,32230.0,6616.666666666667
17,1346.0,Mittleres Management,Führungskräfte auf Filialebene in der Erbringung von Finanz- und Versicherungsdienstleistungen,20200.0,6808.0
18,1349.0,Mittleres Management,"Führungskräfte in der Erbringung von speziellen Dienstleistungen, anderweitig nicht genannt",45710.0,7198.8
19,1412.0,Mittleres Management,Führungskräfte in Restaurants,123700.0,4386.0
20,1431.0,Mittleres Management,"Führungskräfte in der Erbringung von Dienstleistungen im Bereich Sport, Erholung und Kultur",18000.0,4377.0
21,2111.0,Hochspezialisierte Beschäftigte,Physiker und Astronomen,23150.0,5455.666666666667
22,2112.0,Hochspezialisierte Beschäftigte,Meteorologen,1540.0,5696.0
23,2113.0,Hochspezialisierte Beschäftigte,Chemiker,29400.0,5672.75
24,2114.0,Hochspezialisierte Beschäftigte,Geologen und Geophysiker,11060.0,5330.0
25,2120.0,Hochspezialisierte Beschäftigte,"Mathematiker, Versicherungsmathematiker und Statistiker",27280.0,5828.6
26,2131.0,Hochspezialisierte Beschäftigte,"Biologen, Botaniker, Zoologen und verwandte Berufe",41730.0,5049.75
27,2132.0,Hochspezialisierte Beschäftigte,"Agrar-, Forst- und Fischereiwissenschaftler und -berater",55410.0,5019.0
28,2133.0,Hochspezialisierte Beschäftigte,Umweltwissenschaftler,22060.0,5319.0
29,2141.0,Hochspezialisierte Beschäftigte,Wirtschafts- und Produktionsingenieure,147960.0,7114.75
30,2142.0,Hochspezialisierte Beschäftigte,Bauingenieure,104850.0,5441.923076923077
31,2143.0,Hochspezialisierte Beschäftigte,Umweltschutzingenieure,16750.0,5693.25
32,2144.0,Hochspezialisierte Beschäftigte,Maschinenbauingenieure,293490.0,5871.571428571428
33,2145.0,Hochspezialisierte Beschäftigte,Chemieingenieure,43950.0,5716.1
34,2146.0,Hochspezialisierte Beschäftigte,"Bergbauingenieure, Metallurgen und verwandte Berufe",19660.0,6822.0
35,2149.0,Hochspezialisierte Beschäftigte,"Ingenieure, anderweitig nicht genannt",165580.0,5610.789473684211
36,2151.0,Hochspezialisierte Beschäftigte,Ingenieure im Bereich Elektrotechnik,73570.0,5677.333333333333
37,2152.0,Hochspezialisierte Beschäftigte,Ingenieure im Bereich Elektronik,68680.0,6774.75
38,2161.0,Klassisch selbständige Tätigkeit,Architekten,138950.0,4089.5
39,2162.0,Klassisch selbständige Tätigkeit,Landschaftsarchitekten,17570.0,3753.0
40,2163.0,Klassisch selbständige Tätigkeit,Produkt- und Textildesigner,53810.0,4075.9
41,2164.0,Klassisch selbständige Tätigkeit,"Raum-, Stadt- und Verkehrsplaner",32450.0,5298.666666666667
42,2165.0,Hochspezialisierte Beschäftigte,Kartografen und Vermessungsingenieure,15690.0,5424.0
43,2166.0,Klassisch selbständige Tätigkeit,Grafik- und Multimediadesigner,147230.0,3553.0
44,2211.0,Klassisch selbständige Tätigkeit,Allgemeinärzte,156250.0,7022.0
45,2212.0,Klassisch selbständige Tätigkeit,Fachärzte,255780.0,8718.333333333334
46,2221.0,Hochspezialisierte Beschäftigte,Akademische und vergleichbare Krankenpflegefachkräfte,34700.0,4954.0
47,2222.0,Hochspezialisierte Beschäftigte,Akademische und vergleichbare Geburtshilfefachkräfte,25800.0,4042.0
48,2230.0,Hochspezialisierte Beschäftigte,Akademische und vergleichbare Fachkräfte in der traditionellen und komplementären Medizin,34470.0,3256.5
49,2240.0,Hochspezialisierte Beschäftigte,Feldscher und vergleichbare paramedizinische Praktiker,2180.0,4152.0
50,2250.0,Klassisch selbständige Tätigkeit,Tierärzte,34810.0,4243.666666666667
51,2261.0,Klassisch selbständige Tätigkeit,Zahnärzte,71880.0,5289.0
52,2262.0,Klassisch selbständige Tätigkeit,Apotheker,82100.0,5685.5
53,2263.0,Hochspezialisierte Beschäftigte,Akademische und vergleichbare Fachkräfte in den Bereichen Umwelt- und Arbeitsmedizin sowie Hygiene,10460.0,5295.333333333333
54,2264.0,Hochspezialisierte Beschäftigte,Physiotherapeuten,198970.0,3483.3333333333335
55,2265.0,Hochspezialisierte Beschäftigte,Diätologen und Ernährungsberater,24430.0,3459.75
56,2266.0,Hochspezialisierte Beschäftigte,Audiologen und Sprachtherapeuten,38950.0,3500.0
57,2267.0,Klassisch selbständige Tätigkeit,Optometristen und Orthoptisten,2540.0,4684.0
58,2269.0,Hochspezialisierte Beschäftigte,"Akademische und verwandte Gesundheitsberufe, anderweitig nicht genannt",92120.0,3814.5
59,2310.0,Staatsangestellte,Universitäts- und Hochschullehrer,307650.0,5598.0
60,2320.0,Staatsangestellte,Lehrkräfte im Bereich Berufsbildung,254960.0,4427.4
61,2330.0,Staatsangestellte,Lehrkräfte im Sekundarbereich,582590.0,5358.0
62,2341.0,Staatsangestellte,Lehrkräfte im Primarbereich,216800.0,4965.0
63,2351.0,Staatsangestellte,Pädagogik- und Didaktikspezialisten,50450.0,4922.0
64,2352.0,Staatsangestellte,Lehrkräfte im Bereich Sonderpädagogik,124220.0,4643.5
65,2353.0,Hochspezialisierte Beschäftigte,Sonstige Sprachlehrer,18290.0,3618.0
66,2354.0,Hochspezialisierte Beschäftigte,Sonstige Musiklehrer,39810.0,3925.0
67,2355.0,Hochspezialisierte Beschäftigte,Sonstige Kunstlehrer,17150.0,3700.0
68,2356.0,Hochspezialisierte Beschäftigte,Ausbilder im Bereich Informationstechnologie,6880.0,4486.0
69,2359.0,Hochspezialisierte Beschäftigte,"Lehrkräfte, anderweitig nicht genannt",76660.0,5229.5
70,2411.0,Klassisch selbständige Tätigkeit,"Wirtschaftsprüfer, Steuerberater und verwandte Berufe",308800.0,5775.777777777777
71,2412.0,Klassisch selbständige Tätigkeit,Finanz- und Anlageberater,94030.0,6736.5
72,2413.0,Hochspezialisierte Beschäftigte,Finanzanalysten,30120.0,6399.0
73,2421.0,Hochspezialisierte Beschäftigte,Akademische und vergleichbare Fachkräfte im Bereich Management- und Organisationsanalyse,411520.0,5696.375
74,2423.0,Hochspezialisierte Beschäftigte,Berufsberater und -analytiker und akademische und vergleichbare Personalfachleute,162950.0,4731.0
75,2424.0,Hochspezialisierte Beschäftigte,Fachkräfte in Personalschulung und -entwicklung,26880.0,5250.0
76,2431.0,Hochspezialisierte Beschäftigte,Akademische und vergleichbare Fachkräfte in Werbung und Marketing,257990.0,4831.8
77,2432.0,Hochspezialisierte Beschäftigte,Akademische und vergleichbare Fachkräfte in der Öffentlichkeitsarbeit,46680.0,5637.0
78,2433.0,Hochspezialisierte Beschäftigte,"Akademische und vergleichbare Fachkräfte im Bereich Vertrieb (Technik und Medizin, ohne Informations- und Kommunikationstechnologie)",234730.0,6275.666666666667
79,2434.0,Hochspezialisierte Beschäftigte,Akademische und vergleichbare Fachkräfte im Vertrieb von Informations- und Kommunikationstechnologie,44110.0,4900.0
80,2511.0,Hochspezialisierte Beschäftigte,Systemanalytiker,321390.0,5733.333333333333
81,2512.0,Hochspezialisierte Beschäftigte,Softwareentwickler,368500.0,5297.0
82,2513.0,Hochspezialisierte Beschäftigte,Web- und Multimediaentwickler,25590.0,4134.5
83,2514.0,Hochspezialisierte Beschäftigte,Anwendungsprogrammierer,55400.0,4690.0
84,2519.0,Hochspezialisierte Beschäftigte,"Entwickler und Analytiker von Software und Anwendungen, anderweitig nicht genannt",54000.0,5333.0
85,2521.0,Hochspezialisierte Beschäftigte,Datenbankentwickler und -administratoren,11650.0,5483.0
86,2522.0,Hochspezialisierte Beschäftigte,Systemadministratoren,104070.0,4885.0
87,2523.0,Hochspezialisierte Beschäftigte,Akademische und vergleichbare Fachkräfte für Computernetzwerke,8820.0,5452.0
88,2529.0,Hochspezialisierte Beschäftigte,"Akademische und vergleichbare Fachkräfte für Datenbanken und Netzwerke, anderweitig nicht genannt",6250.0,5798.0
89,2611.0,Klassisch selbständige Tätigkeit,Anwälte,149650.0,7494.0
90,2612.0,Staatsangestellte,Richter,26450.0,7419.0
91,2619.0,Staatsangestellte,"Juristen, anderweitig nicht genannt",107430.0,6794.75
92,2621.0,Hochspezialisierte Beschäftigte,Archiv- und Museumswissenschaftler,19280.0,3576.3333333333335
93,2622.0,Hochspezialisierte Beschäftigte,Bibliothekswissenschaftler und verwandte Informationswissenschaftler,16550.0,4225.0
94,2631.0,Hochspezialisierte Beschäftigte,Volkswirtschaftler,15530.0,4798.0
95,2632.0,Hochspezialisierte Beschäftigte,"Soziologen, Anthropologen und verwandte Wissenschaftler",21440.0,4507.333333333333
96,2633.0,Hochspezialisierte Beschäftigte,"Philosophen, Historiker und Politologen",8330.0,5578.333333333333
97,2634.0,Klassisch selbständige Tätigkeit,Psychologen,124500.0,4792.0
98,2635.0,Hochspezialisierte Beschäftigte,Sozialarbeiter,412680.0,4187.0
99,2636.0,Hochspezialisierte Beschäftigte,"Geistliche, Seelsorger",46150.0,5840.0
100,2641.0,Klassisch selbständige Tätigkeit,Autoren und verwandte schriftstellerische Berufe,48790.0,3951.0
101,2642.0,Klassisch selbständige Tätigkeit,Journalisten,123420.0,6723.0
102,2643.0,Klassisch selbständige Tätigkeit,"Übersetzer, Dolmetscher und andere Linguisten",40510.0,4133.5
103,2651.0,Klassisch selbständige Tätigkeit,Bildende Künstler,29350.0,3727.75
104,2652.0,Klassisch selbständige Tätigkeit,"Musiker, Sänger und Komponisten",65070.0,4484.6
105,2653.0,Klassisch selbständige Tätigkeit,Tänzer und Choreografen,3800.0,5410.0
106,2654.0,Klassisch selbständige Tätigkeit,Regisseure und Produzenten im Film- und Bühnenbereich sowie in verwandten Bereichen,35390.0,4928.8
107,2655.0,Klassisch selbständige Tätigkeit,Schauspieler,13390.0,3246.0
108,2656.0,Hochspezialisierte Beschäftigte,"Sprecher im Rundfunk, Fernsehen und sonstigen Medien",3890.0,4096.0
109,2659.0,Klassisch selbständige Tätigkeit,"Bildende und darstellende Künstler, anderweitig nicht genannt",7950.0,5094.0
110,3111.0,Hochspezialisierte Beschäftigte,Chemo- und Physikotechniker,86220.0,4248.363636363636
111,3112.0,Hochspezialisierte Beschäftigte,Bautechniker,175530.0,4410.0
112,3113.0,Hochspezialisierte Beschäftigte,Elektrotechniker,82210.0,4020.6
113,3114.0,Hochspezialisierte Beschäftigte,Techniker im Bereich Elektronik,119890.0,4826.0
114,3115.0,Hochspezialisierte Beschäftigte,Maschinenbautechniker,213710.0,4494.421052631579
115,3116.0,Hochspezialisierte Beschäftigte,Chemiebetriebs- und Verfahrenstechniker,32000.0,4577.1
116,3117.0,Hochspezialisierte Beschäftigte,Bergbau- und Hüttentechniker,20290.0,4292.25
117,3118.0,Hochspezialisierte Beschäftigte,Technische Zeichner,116180.0,4045.75
118,3119.0,Hochspezialisierte Beschäftigte,"Material- und ingenieurtechnische Fachkräfte, anderweitig nicht genannt",336150.0,4518.419354838709
119,3121.0,Anleitender Beschäftigter,Produktionsleiter im Bergbau,3410.0,5734.0
120,3122.0,Anleitender Beschäftigter,Produktionsleiter bei der Herstellung von Waren,391890.0,4636.9
121,3123.0,Anleitender Beschäftigter,Bauleiter,204180.0,4343.888888888889
122,3131.0,Hochspezialisierte Beschäftigte,Steuerer von Energieerzeugungsanlagen,32120.0,4966.0
123,3132.0,Hochspezialisierte Beschäftigte,Steuerer von Verbrennungs- und Wasserbehandlungsanlagen,28590.0,3782.0
124,3133.0,Hochspezialisierte Beschäftigte,Steuerer von chemischen Verfahrensanlagen,920.0,3708.0
125,3134.0,Hochspezialisierte Beschäftigte,Steurer von Erdöl- und Erdgasraffinationsanlagen,750.0,6904.0
126,3135.0,Hochspezialisierte Beschäftigte,Steuerer von Verfahren in der Metallerzeugung,2060.0,5719.0
127,3141.0,Hochspezialisierte Beschäftigte,Biotechniker (ohne medizinische Fachberufe),46240.0,4635.0
128,3142.0,Hochspezialisierte Beschäftigte,Agrartechniker,22660.0,3727.2
129,3143.0,Hochspezialisierte Beschäftigte,Forsttechniker,17080.0,4958.0
130,3151.0,Hochspezialisierte Beschäftigte,Technische Schiffsoffiziere,3890.0,6540.0
131,3152.0,Anleitender Beschäftigter,"Schiffsführer, nautische Schiffsoffiziere und Schiffslotsen",14100.0,4302.25
132,3153.0,Anleitender Beschäftigter,Flugzeugführer und verwandte Berufe,15520.0,13325.0
133,3154.0,Hochspezialisierte Beschäftigte,Flugverkehrslotsen,5110.0,11716.0
134,3155.0,Hochspezialisierte Beschäftigte,Flugsicherungstechniker,800.0,9214.0
135,3211.0,Hochspezialisierte Beschäftigte,Medizintechniker im Bereich bildgebende Verfahren und Therapiegeräte,35760.0,4056.0
136,3212.0,Hochspezialisierte Beschäftigte,Medizintechniker im Bereich Labor und Pathologie,50000.0,3467.0
137,3213.0,Hochspezialisierte Beschäftigte,Pharmazeutisch-technische Assistenten,86530.0,2997.0
138,3214.0,Hochspezialisierte Beschäftigte,Medizinische und zahnmedizinische Prothetiktechniker,79400.0,2833.75
139,3221.0,Hochspezialisierte Beschäftigte,Nicht akademische Krankenpflegefachkräfte,1197330.0,4047.714285714286
140,3222.0,Hochspezialisierte Beschäftigte,Nicht akademische Geburtshilfefachkräfte,1590.0,3751.0
141,3240.0,Hochspezialisierte Beschäftigte,Veterinärmedizinische Fachkräfte und Assistenten,8230.0,3198.3333333333335
142,3251.0,Hochspezialisierte Beschäftigte,Zahnmedizinische Assistenten und Dentalhygieniker,204600.0,2825.0
143,3252.0,Hochspezialisierte Beschäftigte,Fachkräfte im Bereich medizinische Dokumentation und Information,13150.0,4168.0
144,3254.0,Hochspezialisierte Beschäftigte,Augenoptiker,54510.0,2500.0
145,3255.0,Hochspezialisierte Beschäftigte,Physiotherapeutische Techniker und Assistenten,43930.0,2903.0
146,3256.0,Hochspezialisierte Beschäftigte,Medizinische Assistenten,516790.0,3645.4285714285716
147,3257.0,Hochspezialisierte Beschäftigte,Nicht akademische Kontrolleure und Beauftragte in den Bereichen Umwelt- und Arbeitsmedizin sowie verwandte Berufe,100670.0,4014.714285714286
148,3258.0,Hochspezialisierte Beschäftigte,Rettungsdienstpersonal,80700.0,3865.0
149,3259.0,Hochspezialisierte Beschäftigte,"Assistenzberufe im Gesundheitswesen, anderweitig nicht genannt",14370.0,3163.0
150,3311.0,Hochspezialisierte Beschäftigte,"Wertpapierhändler, -makler und Finanzmakler",48370.0,6396.0
151,3313.0,Hochspezialisierte Beschäftigte,Nicht akademische Fachkräfte im Rechnungswesen,431830.0,4486.5
152,3314.0,Hochspezialisierte Beschäftigte,"Nicht akademische statistische, mathematische und verwandte Fachkräfte",870.0,5868.0
153,3321.0,Hochspezialisierte Beschäftigte,Versicherungsvertreter,181570.0,4922.0
154,3322.0,Hochspezialisierte Beschäftigte,Vertriebsagenten,497880.0,4337.0
155,3323.0,Hochspezialisierte Beschäftigte,Einkäufer,127150.0,4813.0
156,3331.0,Hochspezialisierte Beschäftigte,Fachkräfte für Abrechnungs- und Speditionsdienstleistungen,52360.0,5223.5
157,3332.0,Hochspezialisierte Beschäftigte,Konferenz- und Veranstaltungsplaner,58100.0,3532.5
158,3333.0,Hochspezialisierte Beschäftigte,Arbeits- und Personalvermittler,59070.0,3892.0
159,3334.0,Hochspezialisierte Beschäftigte,Immobilienmakler und -verwalter,214640.0,3905.0
160,3339.0,Hochspezialisierte Beschäftigte,"Fachkräfte für unternehmensbezogene Dienstleistungen, anderweitig nicht genannt",21100.0,3932.3333333333335
161,3341.0,Anleitender Beschäftigter,Sekretariatsleiter,478400.0,4976.5
162,3342.0,Hochspezialisierte Beschäftigte,Sekretariatsfachkräfte im juristischen Bereich,135090.0,3208.5
163,3343.0,Hochspezialisierte Beschäftigte,Sekretariatsfachkräfte in Verwaltung und Geschäftsleitung,362980.0,4076.5
164,3344.0,Hochspezialisierte Beschäftigte,Sekretariatsfachkräfte im Gesundheitswesen,170640.0,3246.0
165,3351.0,Staatsangestellte,Fachkräfte im Zolldienst und Grenzschutz,44600.0,3904.0
166,3352.0,Staatsangestellte,Fachkräfte in der Steuerverwaltung,87810.0,3839.5
167,3353.0,Staatsangestellte,Fachkräfte in Sozialverwaltung und -versicherung,159210.0,4062.5
168,3355.0,Staatsangestellte,Polizeikommissare und Kriminalbeamte,80410.0,4205.666666666667
169,3359.0,Staatsangestellte,"Fachkräfte in der öffentlichen Verwaltung, anderweitig nicht genannt",17710.0,4291.0
170,3411.0,Hochspezialisierte Beschäftigte,Nicht akademische Fachkräfte für Rechts- und verwandte Angelegenheiten,68760.0,4684.0
171,3412.0,Hochspezialisierte Beschäftigte,Nicht akademische sozialpflegerische Fachkräfte,249400.0,3858.0
172,3413.0,Hochspezialisierte Beschäftigte,Ordensbrüder/-schwestern und Seelsorgehelfer,5740.0,4100.333333333333
173,3422.0,Hochspezialisierte Beschäftigte,"Sportlehrer, Sporttrainer und Sportfunktionäre",65790.0,4072.5
174,3423.0,Hochspezialisierte Beschäftigte,Trainer und Betreuer im Bereich Fitness und Erholung,92230.0,2679.3333333333335
175,3431.0,Klassisch selbständige Tätigkeit,Fotografen,37440.0,3232.5
176,3432.0,Hochspezialisierte Beschäftigte,Raumgestalter und Dekorateure,38500.0,3290.5
177,3433.0,Hochspezialisierte Beschäftigte,"Fachkräfte in Kunstgalerien, Museen und Bibliotheken",12570.0,3790.8333333333335
178,3434.0,Hochspezialisierte Beschäftigte,Küchenchefs,35060.0,3717.5
179,3435.0,Hochspezialisierte Beschäftigte,Sonstige Fachkräfte in Gestaltung und Kultur,59060.0,3810.7
180,3511.0,Hochspezialisierte Beschäftigte,Techniker für den Betrieb von Informations- und Kommunikationstechnologie,9920.0,5359.0
181,3512.0,Hochspezialisierte Beschäftigte,Techniker für die Anwenderbetreuung in der Informations- und Kommunikationstechnologie,152880.0,4934.0
182,3513.0,Hochspezialisierte Beschäftigte,Techniker für Computernetzwerke und -systeme,94800.0,5061.0
183,3514.0,Hochspezialisierte Beschäftigte,Webmaster,10580.0,5255.0
184,3521.0,Hochspezialisierte Beschäftigte,Techniker für Rundfunk und audiovisuelle Medien,32890.0,4004.0
185,4120.0,Dienstleistungsarbeiter,Sekretariatskräfte (allgemein),1776950.0,3455.0
186,4131.0,Dienstleistungsarbeiter,Schreibkräfte und Bediener von Textverarbeitungsanlagen,12340.0,3446.0
187,4211.0,Dienstleistungsarbeiter,Bank- und andere Schalterbedienstete,357140.0,4662.5
188,4214.0,Dienstleistungsarbeiter,Inkassobeauftragte und verwandte Berufe,2710.0,3816.0
189,4221.0,Dienstleistungsarbeiter,Reiseverkehrsfachkräfte,74390.0,3544.5
190,4224.0,Dienstleistungsarbeiter,Hotelrezeptionisten,69270.0,2719.0
191,4311.0,Dienstleistungsarbeiter,Bürokräfte im Rechnungswesen und in der Buchhaltung,359730.0,3676.0
192,4312.0,Dienstleistungsarbeiter,"Bürokräfte in der Statistik, im Finanz- und Versicherungswesen",39740.0,4212.0
193,4321.0,Industriearbeiter,Fachkräfte in der Lagerwirtschaft,652740.0,2981.0
194,4322.0,Dienstleistungsarbeiter,Bürokräfte in der Material- und Fertigungsplanung und verwandte Berufe,263140.0,4195.0
195,4323.0,Dienstleistungsarbeiter,Bürokräfte in der Transportwirtschaft und verwandte Berufe,225570.0,3811.1666666666665
196,4411.0,Dienstleistungsarbeiter,Bibliotheksassistenten,20300.0,3361.0
197,4412.0,Dienstleistungsarbeiter,Postverteiler und -sortierer,200500.0,3542.0
198,4413.0,Dienstleistungsarbeiter,"Kodierer, Korrekturleser und verwandte Bürokräfte",9310.0,3838.0
199,4415.0,Dienstleistungsarbeiter,Bürokräfte für Registratur und Dokumentation,12190.0,3498.0
200,4416.0,Dienstleistungsarbeiter,Bürokräfte im Personalwesen,136380.0,4555.5
201,4419.0,Dienstleistungsarbeiter,"Bürokräfte und verwandte Berufe, anderweitig nicht genannt",96620.0,3741.1666666666665
202,5111.0,Dienstleistungsarbeiter,Reisebegleiter und Stewards,25540.0,3601.0
203,5112.0,Dienstleistungsarbeiter,Schaffner,19470.0,2627.0
204,5113.0,Dienstleistungsarbeiter,Reiseleiter/Fremdenführer,12310.0,2821.0
205,5120.0,Industriearbeiter,Köche,258670.0,2676.75
206,5131.0,Dienstleistungsarbeiter,Kellner,475400.0,2771.5
207,5141.0,Dienstleistungsarbeiter,Friseure,208700.0,2080.0
208,5142.0,Dienstleistungsarbeiter,Kosmetiker und verwandte Berufe,96850.0,2814.0
209,5151.0,Anleitender Beschäftigter,"Reinigungs- und Hauswirtschaftsleiter in Büros, Hotels und anderen Einrichtungen",86180.0,2676.0
210,5153.0,Dienstleistungsarbeiter,Hauswarte,359780.0,2796.5
211,5163.0,Dienstleistungsarbeiter,Bestatter und Einbalsamierer,19760.0,3275.5
212,5164.0,Dienstleistungsarbeiter,Tierpfleger und -betreuer,65590.0,3001.0
213,5165.0,Dienstleistungsarbeiter,Fahrschullehrer,32610.0,3608.0
214,5211.0,Dienstleistungsarbeiter,Verkaufsstand- und Marktverkäufer,10710.0,3312.0
215,5222.0,Anleitender Beschäftigter,Verkaufsaufsichtskräfte in Handelsgeschäften,38320.0,3916.0
216,5223.0,Dienstleistungsarbeiter,Verkäufer und Verkaufshilfskräfte in Handelsgeschäften,2096790.0,2836.1428571428573
217,5230.0,Dienstleistungsarbeiter,Kassierer und Kartenverkäufer,165160.0,2603.0
218,5241.0,Dienstleistungsarbeiter,Mannequins/Dressmen und sonstige Modelle,1200.0,2892.0
219,5246.0,Dienstleistungsarbeiter,Imbissverkäufer,82660.0,2617.0
220,5249.0,Dienstleistungsarbeiter,"Verkaufskräfte, anderweitig nicht genannt",9760.0,3000.0
221,5311.0,Dienstleistungsarbeiter,Kinderbetreuer,221340.0,2871.0
222,5312.0,Dienstleistungsarbeiter,Lernbetreuer,70030.0,3476.0
223,5322.0,Dienstleistungsarbeiter,Haus- und Familienpfleger,292210.0,3029.0
224,5329.0,Dienstleistungsarbeiter,"Betreuungsberufe im Gesundheitswesen, anderweitig nicht genannt",13300.0,2756.0
225,5411.0,Staatsangestellte,Feuerwehrleute,56670.0,3746.0
226,5412.0,Staatsangestellte,Polizisten (ohne Polizeikommissare),189860.0,3231.0
227,5413.0,Staatsangestellte,Gefängnisaufseher,27310.0,3145.5
228,5414.0,Dienstleistungsarbeiter,Sicherheitswachpersonal,160920.0,4229.0
229,6112.0,Industriearbeiter,Baum- und Strauchfrüchteanbauer,16320.0,2700.0
230,6113.0,Industriearbeiter,"Gärtner, Saat- und Pflanzenzüchter",257700.0,2717.4
231,6121.0,Industriearbeiter,Nutztierhalter (ohne Geflügel) und Milchproduzenten,28390.0,3164.5
232,6122.0,Industriearbeiter,Geflügelhalter,2810.0,4451.0
233,6123.0,Industriearbeiter,Imker und Seidenraupenzüchter,1870.0,2326.0
234,6210.0,Industriearbeiter,Forstarbeitskräfte und verwandte Berufe,19650.0,3322.0
235,6221.0,Industriearbeiter,Fachkräfte im Bereich Aquakultur,1360.0,2800.0
236,7111.0,Industriearbeiter,Rohbaufacharbeiter im Hochbau,22000.0,3217.0
237,7112.0,Industriearbeiter,Maurer und verwandte Berufe,144180.0,3526.25
238,7113.0,Industriearbeiter,"Steinmetze, Steinspalter, -bearbeiter und Steinbildhauer",15960.0,2757.0
239,7114.0,Industriearbeiter,"Betonierer, Betonoberflächenfertiger und verwandte Berufe",90250.0,3289.6666666666665
240,7115.0,Industriearbeiter,Zimmerleute und Bautischler,118280.0,3126.5
241,7119.0,Industriearbeiter,"Baukonstruktions- und verwandte Berufe, anderweitig nicht genannt",28040.0,3197.0
242,7121.0,Industriearbeiter,Dachdecker,69030.0,2865.0
243,7122.0,Industriearbeiter,Boden- und Fliesenleger,87420.0,2970.3333333333335
244,7123.0,Industriearbeiter,Stuckateure,97080.0,3045.0
245,7124.0,Industriearbeiter,Isolierer,10690.0,3389.0
246,7125.0,Industriearbeiter,Glaser,13300.0,3162.0
247,7126.0,Industriearbeiter,Bauspengler und Sanitär- und Heizungsinstallateure,224340.0,3408.3333333333335
248,7127.0,Industriearbeiter,Klima- und Kälteanlagenbauer,22620.0,3597.0
249,7131.0,Industriearbeiter,Maler und verwandte Berufe,133750.0,2833.0
250,7132.0,Industriearbeiter,Lackierer und verwandte Berufe,67030.0,3193.0
251,7133.0,Dienstleistungsarbeiter,Fassadenreiniger und Schornsteinfeger/Rauchfangkehrer,16550.0,3655.0
252,7211.0,Industriearbeiter,Former und Kernmacher (für Metallguss),6320.0,3400.0
253,7212.0,Industriearbeiter,Schweißer und Brennschneider,109830.0,3315.0
254,7213.0,Industriearbeiter,Blechkaltverformer,49380.0,3244.0
255,7214.0,Industriearbeiter,Baumetallverformer und Metallbauer,119880.0,3289.5
256,7221.0,Industriearbeiter,"Grobschmiede, Hammerschmiede und Schmiedepresser",14030.0,3435.0
257,7222.0,Industriearbeiter,Werkzeugmechaniker und verwandte Berufe,158000.0,3816.0
258,7223.0,Industriearbeiter,Werkzeugmaschineneinrichter und -bediener,412030.0,3570.5
259,7224.0,Industriearbeiter,"Metallpolierer, Rundschleifer und Werkzeugschärfer",29380.0,3675.0
260,7231.0,Industriearbeiter,Kraftfahrzeugmechaniker und -schlosser,353740.0,3197.0
261,7233.0,Industriearbeiter,Landmaschinen- und Industriemaschinenmechaniker und -schlosser,618310.0,3653.5
262,7311.0,Industriearbeiter,Präzisionsinstrumentenmacher und -instandsetzer,52080.0,3505.5
263,7312.0,Industriearbeiter,Musikinstrumentenbauer und -stimmer,5220.0,2935.4
264,7314.0,Industriearbeiter,Keramiker und verwandte Berufe,5350.0,2975.0
265,7315.0,Industriearbeiter,"Glasmacher, -schneider, -schleifer und -veredler",3810.0,3274.5
266,7316.0,Industriearbeiter,"Schildermaler, Dekormaler, Graveure und Ätzer",15610.0,2730.0
267,7317.0,Industriearbeiter,"Kunsthandwerkliche Berufe für Holz, Korbwaren und verwandte Materialien",3650.0,2125.5
268,7319.0,Industriearbeiter,"Kunsthandwerkliche Berufe, anderweitig nicht genannt",3890.0,2807.5
269,7321.0,Industriearbeiter,Techniker in der Druckvorstufe,73650.0,3149.6666666666665
270,7322.0,Industriearbeiter,Drucker,50520.0,3195.0
271,7323.0,Industriearbeiter,Berufe in der Druckweiterverarbeitung und Buchbinder,9480.0,2800.0
272,7411.0,Industriearbeiter,Bauelektriker und verwandte Berufe,242230.0,3211.0
273,7412.0,Industriearbeiter,Elektromechaniker und verwandte Berufe,183730.0,3823.0
274,7413.0,Industriearbeiter,Elektroleitungsinstallateure und Wartungspersonal,10290.0,3824.0
275,7421.0,Industriearbeiter,Elektroniker und Elektronik-Servicetechniker,120380.0,3706.5714285714284
276,7422.0,Industriearbeiter,Installateure und Servicetechniker im Bereich Informations- und Kommunikationstechnik,156210.0,4167.0
277,7511.0,Industriearbeiter,"Fleischer, Fischhändler und -verarbeiter und verwandte Berufe",71480.0,2760.0
278,7513.0,Industriearbeiter,Molkerei- und Käsereifachkräfte,2440.0,4253.0
279,7521.0,Industriearbeiter,Holztrockner und -konservierer,0.0,2671.0
280,7522.0,Industriearbeiter,Möbeltischler und verwandte Berufe,197740.0,3043.0
281,7523.0,Industriearbeiter,Einrichter und Bediener von Holzbearbeitungsmaschinen,36200.0,2911.0
282,7532.0,Industriearbeiter,Schnittmustermacher und Zuschneider,1280.0,4571.0
283,7533.0,Industriearbeiter,"Näher, Sticker und verwandte Berufe",20950.0,2262.0
284,7534.0,Industriearbeiter,Polsterer und verwandte Berufe,14510.0,2786.0
285,7535.0,Industriearbeiter,"Pelzveredler, Gerber und Fellzurichter",960.0,3232.0
286,7541.0,Dienstleistungsarbeiter,Taucher,780.0,4171.0
287,7542.0,Industriearbeiter,Sprengmeister und Sprengbeauftragte,2770.0,2850.0
288,7543.0,Dienstleistungsarbeiter,Produkttester und -klassierer (ohne Nahrungsmittel und Getränke),155920.0,3782.0
289,7544.0,Dienstleistungsarbeiter,Kammerjäger und andere Schädlingsbekämpfungsberufe,3600.0,3327.0
290,7549.0,Industriearbeiter,"Handwerks- und verwandte Berufe, anderweitig nicht genannt",65880.0,2828.0
291,8111.0,Industriearbeiter,Bergleute und Grubenarbeiter,12340.0,4282.0
292,8112.0,Industriearbeiter,Bediener von Mineral- und Gesteinsaufbereitungsanlagen,54670.0,3050.0
293,8113.0,Industriearbeiter,Tiefbohrer und verwandte Berufe,4700.0,4028.0
294,8114.0,Industriearbeiter,"Bediener von Maschinen zur Herstellung und Verarbeitung von Zement, Steinen und sonstigen Mineralien",20290.0,3263.0
295,8121.0,Industriearbeiter,Bediener von Anlagen in der Metallerzeugung und -umformung,55800.0,3870.6666666666665
296,8122.0,Industriearbeiter,"Bediener von Anlagen zur Metallveredlung, Plattierung und Beschichtung von Metallen",34930.0,3372.0
297,8131.0,Industriearbeiter,Bediener von Anlagen und Maschinen für chemische Erzeugnisse,111740.0,4405.0
298,8132.0,Industriearbeiter,Bediener von Anlagen für fotografische Erzeugnisse,5170.0,3312.0
299,8154.0,Industriearbeiter,Bediener von Bleich- und Färbemaschinen,6790.0,2877.0
300,8157.0,Industriearbeiter,Bediener von Wäschereimaschinen,40710.0,2280.0
301,8160.0,Industriearbeiter,Bediener von Maschinen zur Herstellung von Nahrungs- und Genussmitteln,71110.0,3439.5714285714284
302,8171.0,Industriearbeiter,Bediener von Anlagen zur Zellstoff- und Papierherstellung,19210.0,4062.0
303,8172.0,Industriearbeiter,Bediener von Anlagen zur Holzaufbereitung,11380.0,2890.0
304,8181.0,Industriearbeiter,Bediener von Anlagen zur Glas- und Keramikherstellung,26900.0,3397.5
305,8189.0,Industriearbeiter,"Bediener stationärer Anlagen und Maschinen, anderweitig nicht genannt",157360.0,3302.0
306,8311.0,Industriearbeiter,Lokomotivführer,48390.0,3758.0
307,8312.0,Industriearbeiter,"Bediener von Sicherungs-, Signal- und Leittechnik im Schienennetzbetrieb",15620.0,3176.5
308,8341.0,Industriearbeiter,Führer von mobilen land- und forstwirtschaftlichen Maschinen,12790.0,2865.0
309,8342.0,Industriearbeiter,Führer von Erdbewegungs- und verwandten Maschinen,115560.0,3378.25
310,8343.0,Industriearbeiter,"Kranführer, Aufzugmaschinisten und Bediener verwandter Hebeeinrichtungen",34560.0,3654.0
311,8344.0,Industriearbeiter,Gabelstaplerfahrer und verwandte Berufe,111000.0,2863.0
312,8350.0,Industriearbeiter,Deckspersonal auf Schiffen und verwandte Berufe,2090.0,3460.0
313,9111.0,Dienstleistungsarbeiter,Reinigungspersonal und Hilfskräfte in Privathaushalten,181790.0,2554.0
314,9123.0,Dienstleistungsarbeiter,Fensterputzer,6690.0,3222.0
315,9129.0,Dienstleistungsarbeiter,Sonstiges Reinigungspersonal,31520.0,3124.5
316,9212.0,Industriearbeiter,Hilfsarbeiter in der Tierhaltung,10130.0,2491.0
317,9214.0,Industriearbeiter,Hilfsarbeiter im Gartenbau,76880.0,2444.0
318,9215.0,Industriearbeiter,Hilfsarbeiter in der Forstwirtschaft,7830.0,2673.0
319,9216.0,Industriearbeiter,Hilfsarbeiter in der Fischerei und Aquakultur,940.0,1685.0
320,9312.0,Industriearbeiter,Hilfsarbeiter im Tiefbau,95370.0,3442.25
321,9313.0,Industriearbeiter,Hilfsarbeiter im Hochbau,113980.0,2781.6666666666665
322,9329.0,Industriearbeiter,"Hilfsarbeiter bei der Herstellung von Waren, anderweitig nicht genannt",314140.0,2839.266666666667
323,9332.0,Industriearbeiter,Führer von Fahrzeugen und Maschinen mit Zugtierantrieb,1260.0,2852.0
324,9333.0,Industriearbeiter,Frachtarbeiter und verwandte Berufe,360140.0,3749.0
325,9334.0,Dienstleistungsarbeiter,Regalbetreuer und -auffüller,109200.0,2273.0
326,9412.0,Industriearbeiter,Küchenhilfen,250270.0,2304.0
327,9612.0,Industriearbeiter,Arbeiter in der Abfallsortierung,32280.0,2933.0
328,9621.0,Dienstleistungsarbeiter,"Boten, Paketauslieferer und Gepäckträger",157600.0,2659.0
329,9623.0,Dienstleistungsarbeiter,"Zählerableser, Automatenbefüller und -kassierer",9010.0,3625.0
330,9629.0,Dienstleistungsarbeiter,"Hilfsarbeitskräfte, anderweitig nicht genannt",74020.0,2300.5
