,bezeichnung_kldb,median_brutto,average_brutto,code_kldb
0,11101 Landwirtschaft (o.S.) - Helfer,2222,2282,11101
1,11102 Landwirtschaft (o.S.) - Fachkraft,2550,2609,11102
2,11103 Landwirtschaft (o.S.) - Spezialist,0,,11103
3,11104 Landwirtschaft (o.S.) - Experte,5331,5791,11104
4,11113 Landtechnik - Spezialist,3447,3848,11113
5,11114 Landtechnik - Experte,0,,11114
6,11123 Landwirtsch.Sachverständige - Spezialist,0,,11123
7,11124 Landwirtschaftl. Sachverständige-Experte,8500,9916,11124
8,11132 Landwirtsch.-tech.Laboratorium-Fachkraft,3352,3386,11132
9,11133 Landwirtsch.-tech.Laborat.-Spezialist,4920,4745,11133
10,11182 Landwirtschaft (s.s.T.) - Fachkraft,2630,2763,11182
11,11183 Landwirtschaft (s.s.T.) - Spezialist,4276,4864,11183
12,11184 Landwirtschaft (s.s.T.) - Experte,4850,5342,11184
13,11193 Aufsicht - Landwirtschaft,3000,3227,11193
14,11194 Führung - Landwirtschaft,0,,11194
15,11211 Nutztierhaltung - Helfer,2306,2430,11211
16,11212 Nutztierhaltung - Fachkraft,2527,2618,11212
17,11213 Nutztierhaltung - Spezialist,3802,4034,11213
18,11214 Nutztierhaltung - Experte,1968,3326,11214
19,11222 Geflügelhaltung - Fachkraft,4451,3790,11222
20,11223 Geflügelhaltung - Spezialist,0,,11223
21,11232 Imkerei - Fachkraft,2326,2270,11232
22,11233 Imkerei - Spezialist,0,,11233
23,11282 Tierwirtschaft (s.s.T.) - Fachkraft,0,,11282
24,11283 Tierwirtschaft (s.s.T.) - Spezialist,0,,11283
25,11293 Aufsicht - Tierwirtschaft,0,,11293
26,11294 Führung - Tierwirtschaft,4000,4022,11294
27,11302 Pferdewirtschaft (o.S.) - Fachkraft,1975,2047,11302
28,11312 Pferdewirtschaft-Pferdezucht - Fachkraft,0,,11312
29,11322 Pferdewirtschaft-Reiten - Fachkraft,0,,11322
30,11333 Hufbeschlagschmiede/innen - Spezialist,0,,11333
31,11342 Kutscher/innen - Fachkraft,2852,2853,11342
32,11393 Aufsicht - Pferdewirtschaft,0,,11393
33,11394 Führung - Pferdewirtschaft,0,,11394
34,11401 Fischwirtschaft (o.S.) - Helfer,1685,1886,11401
35,11402 Fischwirtschaft (o.S.) - Fachkraft,2588,2855,11402
36,11412 Fischzucht - Fachkraft,2800,3182,11412
37,11422 Fischerei - Fachkraft,0,,11422
38,11423 Fischerei - Spezialist,0,,11423
39,11424 Fischerei - Experte,0,,11424
40,11493 Aufsicht - Fischwirtschaft,3864,3536,11493
41,11494 Führung - Fischwirtschaft,0,,11494
42,11501 Tierpflege (o.S.) - Helfer,2676,2724,11501
43,11502 Tierpflege (o.S.) - Fachkraft,2995,3040,11502
44,11512 Nutztierpflege - Fachkraft,2254,2427,11512
45,"11522 Haus-, Zootierpflege - Fachkraft",0,,11522
46,11582 Tierpflege (s.s.T.) - Fachkraft,3280,3315,11582
47,11593 Aufsicht - Tierpflege,3475,3687,11593
48,11594 Führung - Tierpflege,0,,11594
49,11602 Weinbau - Fachkraft,2700,2854,11602
50,11603 Weinbau - Spezialist,3390,3503,11603
51,11604 Weinbau - Experte,0,,11604
52,11693 Aufsicht - Weinbau,0,,11693
53,11694 Führung - Weinbau,0,,11694
54,11711 Forstwirtschaft - Helfer,2673,2704,11711
55,11712 Forstwirtschaft - Fachkraft,3322,3329,11712
56,11713 Forstwirtschaft - Spezialist,4958,4979,11713
57,11714 Forstwirtschaft - Experte,5084,5179,11714
58,"11722 Natur-, Landschaftspflege - Fachkraft",3006,3121,11722
59,"11723 Natur-, Landschaftspflege - Spezialist",0,,11723
60,"11724 Natur-, Landschaftspflege - Experte",4852,4861,11724
61,"11732 Jagdwirtschaft, Wildhege - Fachkraft",2850,3065,11732
62,11742 Sammeln von Naturprodukten - Fachkraft,0,,11742
63,"11793 Aufsicht - Forst,Jagd, Landschaftspflege",3589,3648,11793
64,"11794 Führung - Forst,Jagd, Landschaftspflege",5000,5032,11794
65,12101 Gartenbau (o.S.) - Helfer,2444,2437,12101
66,12102 Berufe im Gartenbau (o.S.) - Fachkraft,2925,2980,12102
67,12103 Berufe im Gartenbau (o.S.) - Spezialist,0,,12103
68,12104 Berufe im Gartenbau (o.S.) - Experte,4400,4966,12104
69,"12112 Berufe im Obst-, Gemüsebau - Fachkraft",2430,2501,12112
70,"12113 Berufe im Obst-, Gemüsebau - Spezialist",0,,12113
71,"12122 BaumschuleStauden,Zierpflanzen-Fachkraft",2640,2749,12122
72,12123 BaumschuleStaudenZierpflanzen-Spezialist,3527,3797,12123
73,12132 Friedhofsgärtnerei - Fachkraft,2298,2616,12132
74,12133 Friedhofsgärtnerei - Spezialist,0,,12133
75,12142 GartenLandschaftsSportplatzb.-Fachkraft,2876,3045,12142
76,12143 GartenLandschaftsSportplatzb.-Spezialist,2767,3143,12143
77,"12144 Garten-Landschafts,Sportplatzbau-Experte",3753,4034,12144
78,12193 Aufsicht - Gartenbau,4049,4370,12193
79,12194 Führung - Gartenbau,0,,12194
80,12202 Floristik - Fachkraft,2250,2172,12202
81,12203 Floristik - Spezialist,0,,12203
82,12293 Aufsicht - Floristik,0,,12293
83,12294 Führung - Floristik,3366,4315,12294
84,21111 Berg- und Tagebau - Helfer,0,,21111
85,21112 Berg- und Tagebau - Fachkraft,4282,4640,21112
86,21113 Berg- und Tagebau - Spezialist,5524,5908,21113
87,21114 Berg- und Tagebau - Experte,7542,8093,21114
88,21122 Sprengtechnik - Fachkraft,3823,3778,21122
89,21123 Sprengtechnik - Spezialist,2850,3211,21123
90,21124 Sprengtechnik - Experte,5284,6464,21124
91,"21193 Aufsicht -Berg-,Tagebau, Sprengtechnik",5734,5832,21193
92,"21194 Führung -Berg-,Tagebau, Sprengtechnik",6450,7293,21194
93,"21201 Naturstein,Baustoffherstell (o.S)-Helfer",3089,3157,21201
94,"21212 Naturstein-,Mineralaufbereit.-Fachkraft",3050,3214,21212
95,"21213 Naturstein-,Mineralaufbereit.-Spezialist",0,,21213
96,21222 Baustoffherstellung - Fachkraft,3263,3391,21222
97,21223 Baustoffherstellung - Spezialist,4911,5619,21223
98,21232 Steinmetztechnik - Fachkraft,2757,2891,21232
99,21233 Steinmetztechnik - Spezialist,5073,4858,21233
100,"21293 Aufsicht-Naturstein,Mineral,Baustoffher.",3265,3537,21293
101,21311 Glasherstellung - Helfer,2480,2615,21311
102,21312 Glasherstellung - Fachkraft,3640,3653,21312
103,21313 Glasherstellung - Spezialist,4076,4477,21313
104,21322 Glasapparatebau - Fachkraft,3515,3450,21322
105,21323 Glasapparatebau - Spezialist,0,,21323
106,21332 Industrielle Glasbläserei - Fachkraft,3034,3170,21332
107,21342 Glasveredelung - Fachkraft,2866,3077,21342
108,21352 Glasapparatejustierung - Fachkraft,0,,21352
109,21362 Feinoptik - Fachkraft,3406,3508,21362
110,21363 Feinoptik - Spezialist,4076,4349,21363
111,"21393 Aufsicht-Industri.Glasherst.,-verarbeit.",0,,21393
112,21411 Industriekeramik (Verfahren)-Helfer,2964,3011,21411
113,21412 Industriekeramik (Verfahren)-Fachkraft,3155,3213,21412
114,21413 Industriekeramik(Verfahren)-Spezialist,4156,4534,21413
115,21422 Industriekeramik(Modelltechn.)-Fachkraft,2991,3281,21422
116,21423 Industriekeramik(Modelltechn)-Spezialist,0,,21423
117,21493 Aufsicht-Industrielle Keramikherstellung,4677,4958,21493
118,"22101 Kunststoff-,Kautschukherst. (oS.)-Helfer",2590,2704,22101
119,"22102 Kunststoff-,Kautschukherst(oS)-Fachkraft",3288,3429,22102
120,"22103 Kunststoff-,Kautschukhers(oS)-Spezialist",4537,5186,22103
121,"22104 Kunststoff-,Kautschukherst. (oS)-Experte",6348,6663,22104
122,"22112 Reifen-, Vulkanisationstechnik-Fachkraft",2820,2966,22112
123,"22182 Kunststoff,Kautschukverar(ssT)-Fachkraft",3524,3712,22182
124,"22183 Kunststoff,Kautschukver.(ssT)-Spezialist",0,,22183
125,"22184 Kunststoff,Kautschukverarb.(ssT)-Experte",6767,7034,22184
126,"22193 Aufsicht-Kunststoff,Kautschukher,verarb.",5043,5305,22193
127,"22201 Farb-, Lacktechnik (o.S.) - Helfer",2857,3011,22201
128,"22202 Farb-, Lacktechnik (o.S.) - Fachkraft",3238,3423,22202
129,"22203 Farb-, Lacktechnik (o.S.) - Spezialist",4417,4771,22203
130,"22204 Farb-, Lacktechnik (o.S.) - Experte",6234,6614,22204
131,22212 Fahrzeuglackierung - Fachkraft,3148,3331,22212
132,22222 Lacklaboratorium - Fachkraft,3925,4244,22222
133,"22293 Aufsicht - Farb-, Lacktechnik",4000,4245,22293
134,"22301 Holzbe-, -verarbeitung (o.S.) - Helfer",2632,2669,22301
135,"22302 Holzbe-,-verarbeitung (o.S.) - Fachkraft",3050,3114,22302
136,"22303 Holzbe-,-verarbeitung(o.S.) - Spezialist",4200,4616,22303
137,"22304 Holzbe-, -verarbeitung (o.S.) - Experte",4834,5747,22304
138,"22312 Holztrocknung,-konservierung - Fachkraft",2671,2837,22312
139,"22322 Prod. Holzwerkstoffe,-bauteile-Fachkraft",2890,3041,22322
140,22332 Prod. Fertigprodukte aus Holz -Fachkraft,2772,2800,22332
141,22333 Prod. Fertigprodukte aus Holz-Spezialist,4325,4845,22333
142,"22342 Holz-, Möbel-, Innenausbau - Fachkraft",2950,3057,22342
143,"22343 Holz-, Möbel-, Innenausbau - Spezialist",3050,3485,22343
144,"22352 Flechtwerk,Bürste,Pinselmacher-Fachkraft",2105,2321,22352
145,"22382 Holzbe-, -verarbeitung (ssT) - Fachkraft",2523,2669,22382
146,"22393 Aufsicht - Holzbe-, -verarbeitung",3194,3573,22393
147,"22394 Führung - Holzbe-, -verarbeitung",4552,5472,22394
148,"23101 Papier-,Verpackungstechnik (oS) - Helfer",2686,2887,23101
149,23112 Papierherstellung - Fachkraft,4062,4077,23112
150,23113 Papierherstellung - Spezialist,0,,23113
151,23114 Papierherstellung - Experte,6287,7199,23114
152,"23122 Papierverarb,Verpackungstechn.-Fachkraft",3308,3362,23122
153,"23123 Papierverarb,Verpackungstechn-Spezialist",4259,4489,23123
154,"23124 Papierverarb.,Verpackungstechn.-Experte",5302,5549,23124
155,"23193 Aufsicht - Papier-, Verpackungstechnik",6031,6121,23193
156,"23212 Digital-,Printmediengestaltung-Fachkraft",3127,3294,23212
157,"23213 Digital,Printmediengestaltung-Spezialist",3011,3347,23213
158,"23222 Grafik-Kommunikat.,Fotodesign-Fachkraft",3420,3645,23222
159,"23223 Grafik-Kommunikat.,Fotodesign-Spezialist",3739,4049,23223
160,"23224 Grafik-Kommunikat.,Fotodesign-Experte",3500,4053,23224
161,23282 Techn.Mediengestaltung (ssT) - Fachkraft,3311,3543,23282
162,23293 Aufsicht - Technische Mediengestaltung,0,,23293
163,23294 Führung - Technische Mediengestaltung,3830,4703,23294
164,23312 Fototechnik - Fachkraft,3312,3825,23312
165,23313 Fototechnik - Spezialist,3634,3985,23313
166,23314 Fototechnik - Experte,6804,6605,23314
167,23322 Fotografie - Fachkraft,2700,2987,23322
168,23323 Fotografie - Spezialist,3765,3816,23323
169,23393 Aufsicht - Fototechnik  und Fotografie,0,,23393
170,23411 Drucktechnik - Helfer,2665,2876,23411
171,23412 Drucktechnik - Fachkraft,3195,3394,23412
172,23413 Drucktechnik - Spezialist,4207,4454,23413
173,23414 Drucktechnik - Experte,0,,23414
174,"23422 Buchbinderei,Druckweiterverarb-Fachkraft",2800,2919,23422
175,"23423 Buchbinderei,Druckweiterver.-Spezialist",3939,4163,23423
176,"23493 Aufsicht-Drucktechnik,Buchbinderei",5110,5323,23493
177,24101 Metallerzeugung (o.S.) - Helfer,3035,3245,24101
178,24112 Hüttentechnik - Fachkraft,4226,4278,24112
179,24113 Hüttentechnik - Spezialist,5719,5781,24113
180,24114 Hüttentechnik - Experte,7726,7797,24114
181,24122 Metallumformung - Fachkraft,3721,3734,24122
182,24123 Metallumformung - Spezialist,0,,24123
183,24124 Metallumformung - Experte,0,,24124
184,24132 Industrielle Gießerei - Fachkraft,3665,3778,24132
185,24133 Industrielle Gießerei - Spezialist,4926,5293,24133
186,24134 Industrielle Gießerei - Experte,0,,24134
187,"24142 Handw.Metall-,Glockengießerei-Fachkraft",3400,3514,24142
188,24193 Aufsicht - Metallerzeugung,5914,5977,24193
189,24201 Metallbearbeitung (o.S.) - Helfer,2883,3017,24201
190,24202 Metallbearbeitung (o.S.) - Fachkraft,3594,3693,24202
191,24203 Metallbearbeitung (o.S.) - Spezialist,4524,4530,24203
192,24212 Spanlose Metallbearbeitung - Fachkraft,3348,3429,24212
193,24222 Schleifende Metallbearbeitung-Fachkraft,3675,3699,24222
194,24232 Spanende Metallbearbeitung - Fachkraft,3630,3729,24232
195,24233 Spanende Metallbearbeitung - Spezialist,3991,4075,24233
196,24243 Metallbearbeitung Laserstrahl-Spezialist,3710,3728,24243
197,24244 Metallbearbeitung Laserstrahl-Experte,5083,5217,24244
198,24293 Aufsicht - Metallbearbeitung,5190,5297,24293
199,24301 Metalloberflächenbehandl. (oS) - Helfer,2857,3011,24301
200,24302 Metalloberflächenbehandl.(oS)-Fachkraft,3471,3559,24302
201,24303 Metalloberflächenbehandl.(oS)-Spezialist,0,,24303
202,24304 Metalloberflächenbehandl. (oS)-Experte,6020,5827,24304
203,24382 Metalloberflächenbehandl.(ssT)-Fachkraft,3273,3466,24382
204,24393 Aufsicht - Metalloberflächenbehandlung,5424,5538,24393
205,24411 Metallbau - Helfer,3000,3258,24411
206,24412 Metallbau - Fachkraft,3189,3353,24412
207,24413 Metallbau - Spezialist,4779,5071,24413
208,24414 Metallbau - Experte,5326,5530,24414
209,"24422 Schweiß-, Verbindungstechnik - Fachkraft",3315,3434,24422
210,"24423 Schweiß-,Verbindungstechnik - Spezialist",4424,4539,24423
211,"24424 Schweiß-, Verbindungstechnik - Experte",6200,6129,24424
212,24432 Industrietaucher/innen u.a. - Fachkraft,4171,4617,24432
213,24493 Aufsicht - Metallbau und Schweißtechnik,4540,4851,24493
214,24511 Feinwerktechnik - Helfer,2999,3082,24511
215,24512 Feinwerktechnik - Fachkraft,3651,3897,24512
216,24513 Feinwerktechnik - Spezialist,0,,24513
217,24514 Feinwerktechnik - Experte,6050,6629,24514
218,24522 Werkzeugtechnik - Fachkraft,3816,4012,24522
219,24523 Werkzeugtechnik - Spezialist,4600,4829,24523
220,24524 Werkzeugtechnik - Experte,5604,5768,24524
221,24532 Uhrmacherhandwerk - Fachkraft,3360,3379,24532
222,24533 Uhrmacherhandwerk - Spezialist,0,,24533
223,24593 Aufsicht - Feinwerk- u. Werkzeugtechnik,4916,5164,24593
224,"25101 Maschinenbau-,Betriebstechnik(oS)-Helfer",3030,3167,25101
225,"25102 Maschinenbau-,Betriebstech(oS)-Fachkraft",3838,3993,25102
226,"25103 Maschinenbau,Betriebstech(oS)-Spezialist",4851,5203,25103
227,"25104 Maschinenbau-,Betriebstechn.(oS)-Experte",6103,6654,25104
228,"25112 Maschinen,Gerätezusammensetzer-Fachkraft",3374,3502,25112
229,"25122 Maschinen-, Anlagenführer - Fachkraft",3563,3698,25122
230,"25131 Tech.Servicekr. Wartung,Instand.-Helfer",3625,3967,25131
231,"25132 Tech.Servicekr.Wartung,Instand-Fachkraft",4023,4252,25132
232,"25133 TechServicekr.Wartung,Instand-Spezialist",4685,4927,25133
233,"25134 Tech.Servicekr.Wartung,Instand.-Experte",5983,6297,25134
234,"25182 Maschinenbau,Betriebstech(ssT)-Fachkraft",4175,4253,25182
235,"25183 Maschinenbau,Betriebstec(ssT)-Spezialist",4410,4682,25183
236,"25184 Maschinenbau,Betriebstechn.(ssT)-Experte",6131,6626,25184
237,"25193 Aufsicht - Maschinenbau-,Betriebstechnik",5478,5565,25193
238,"25194 Führung - Maschinenbau-, Betriebstechnik",6196,6598,25194
239,25201 Fahrzeugtechnik (o.S.) - Helfer,2850,3014,25201
240,25212 Kraftfahrzeugtechnik - Fachkraft,3197,3401,25212
241,25213 Kraftfahrzeugtechnik - Spezialist,3830,4040,25213
242,25214 Kraftfahrzeugtechnik - Experte,6608,6711,25214
243,"25222 Land-, Baumaschinentechnik - Fachkraft",3074,3240,25222
244,"25223 Land-, Baumaschinentechnik - Spezialist",3500,3578,25223
245,"25224 Land-, Baumaschinentechnik - Experte",6152,5913,25224
246,25232 Luft- und Raumfahrttechnik - Fachkraft,4665,4889,25232
247,25233 Luft- und Raumfahrttechnik - Spezialist,5805,6205,25233
248,25234 Luft- und Raumfahrttechnik - Experte,6805,7035,25234
249,25242 Schiffbautechnik - Fachkraft,3694,3988,25242
250,25243 Schiffbautechnik - Spezialist,4767,5084,25243
251,25244 Schiffbautechnik - Experte,5400,5808,25244
252,25252 Zweiradtechnik - Fachkraft,2600,2635,25252
253,25253 Zweiradtechnik - Spezialist,0,,25253
254,25254 Zweiradtechnik - Experte,0,,25254
255,25293 Aufsicht-FahrzeugLuftRaumf.Schiffbautech,4025,4294,25293
256,25294 Führung-FahrzeugLuftRaumf.Schiffbautech,10082,10992,25294
257,"26102 Mechatr,Automatisierungs(o.S.) - Fachkraft",4672,4850,26102
258,26112 Mechatronik - Fachkraft,3500,3646,26112
259,26113 Mechatronik - Spezialist,4252,4321,26113
260,26114 Mechatronik - Experte,5735,5674,26114
261,26122 Automatisierungstechnik - Fachkraft,3777,4074,26122
262,26123 Automatisierungstechnik - Spezialist,4750,5059,26123
263,26124 Automatisierungstechnik - Experte,5687,6173,26124
264,"26193 Aufsicht-Mechatronik,Automatisierungst.",5750,5568,26193
265,26212 Bauelektrik - Fachkraft,3211,3438,26212
266,26213 Bauelektrik - Spezialist,3406,3813,26213
267,26222 Elektromaschinentechnik - Fachkraft,3592,3940,26222
268,26223 Elektromaschinentechnik - Spezialist,3725,4329,26223
269,"26232 Energie-, Kraftwerkstechnik - Fachkraft",4889,5046,26232
270,"26233 Energie-, Kraftwerkstechnik - Spezialist",4966,5130,26233
271,"26234 Energie-, Kraftwerkstechnik - Experte",5967,6330,26234
272,26242 Regenerative Energietechnik - Fachkraft,4200,4358,26242
273,26243 Regenerative Energietechnik - Spezialist,4037,4271,26243
274,26244 Regenerative Energietechnik - Experte,5330,5986,26244
275,26252 Elektrische Betriebstechnik - Fachkraft,4000,4221,26252
276,26253 Elektrische Betriebstechnik - Spezialist,4683,4898,26253
277,"26262 Leitungsinstallation,-wartung -Fachkraft",3824,4069,26262
278,"26263 Leitungsinstallation,-wartung-Spezialist",0,,26263
279,"26264 Leitungsinstallation,-wartung - Experte",0,,26264
280,26293 Aufsicht - Energietechnik,5119,5305,26293
281,26301 Elektrotechnik (o.S.) - Helfer,2719,2849,26301
282,26302 Elektrotechnik (o.S.) - Fachkraft,3522,3812,26302
283,26303 Elektrotechnik (o.S.) - Spezialist,4834,5082,26303
284,26304 Elektrotechnik (o.S.) - Experte,6283,6801,26304
285,"26312 Inform-,Telekommunikationst.-Fachkraft",4167,4436,26312
286,"26313 Inform-,Telekommunikationst.-Spezialist",5567,5589,26313
287,"26314 Inform-,Telekommunikationst.-Experte",6560,7034,26314
288,26322 Mikrosystemtechnik - Fachkraft,3302,3554,26322
289,26323 Mikrosystemtechnik - Spezialist,0,,26323
290,26324 Mikrosystemtechnik - Experte,6013,6541,26324
291,"26332 Luftv.Schiff,Fahrzeugelektron.-Fachkraft",3750,3933,26332
292,"26333 Luftv.Schiff,Fahrzeugelektron-Spezialist",0,,26333
293,"26334 Luftv.Schiff,Fahrzeugelektronik-Experte",6438,6892,26334
294,26382 Elektrotechnik (s.s.T.) - Fachkraft,4068,4262,26382
295,26383 Elektrotechnik (s.s.T.) - Spezialist,4902,5139,26383
296,26384 Elektrotechnik (s.s.T.) - Experte,6017,6270,26384
297,26393 Aufsicht - Elektrotechnik,5004,5317,26393
298,"27103 Techn.Forschung,Entwickl.(oS)-Spezialist",5400,5569,27103
299,"27104 Techn.Forschung,Entwickl.(oS)-Experte",6193,6428,27104
300,"27182 Tech.Forschung,Entwickl.(ssT)-Fachkraft",5170,5636,27182
301,"27183 Tech.Forschung,Entwickl.(ssT)-Spezialist",6164,6704,27183
302,"27184 Tech.Forschung,Entwickl.(ssT)-Experte",6836,7322,27184
303,"27194 Führung - Techn. Forschung, Entwicklung",9725,10515,27194
304,27212 Technische Zeichner/innen - Fachkraft,3569,3752,27212
305,27223 Konstruktion und Gerätebau - Spezialist,4884,5065,27223
306,27224 Konstruktion und Gerätebau - Experte,5739,5846,27224
307,27232 Modellbau - Fachkraft,3400,3665,27232
308,"27282 TechZeich,Konstr,Modellb.(ssT)-Fachkraft",3136,3479,27282
309,"27283 TechZeich,Konstr,Modellb(ssT)-Spezialist",3961,4231,27283
310,"27284 TechZeich.,Konstr.,Modellb.(ssT)-Experte",6089,6195,27284
311,"27293 Aufsicht-TechZeichnen,Konstrukt.Modellb.",4000,5172,27293
312,"27294 Führung-TechZeichnen,Konstrukt.Modellb.",8110,8118,27294
313,"27302 Tech.Produktionspl.,-steuerung-Fachkraft",4364,4495,27302
314,"27303 Tech.Produktionspl.,steuerung-Spezialist",4745,4999,27303
315,"27304 Tech.Produktionspl.,-steuerung-Experte",6119,6612,27304
316,27312 Technische Qualitätssicherung-Fachkraft,3782,3910,27312
317,27313 Technische Qualitätssicherung-Spezialist,4644,4927,27313
318,27314 Technische Qualitätssicherung - Experte,6062,6406,27314
319,"27393 Aufsicht-Techn.Produktionsplan.,-steuer.",5000,5467,27393
320,"27394 Führung- Techn.Produktionsplan.,-steuer.",6184,6863,27394
321,28101 Textiltechnik (o.S.) - Helfer,2505,2796,28101
322,28102 Textiltechnik (o.S.) - Fachkraft,3009,3297,28102
323,28103 Textiltechnik (o.S.) - Spezialist,5356,4763,28103
324,28104 Textiltechnik (o.S.) - Experte,5827,6125,28104
325,28112 Textilgestaltung - Fachkraft,2802,2725,28112
326,28113 Textilgestaltung - Spezialist,3400,3763,28113
327,28114 Textilgestaltung - Experte,4247,4602,28114
328,28122 Textilherstellung - Fachkraft,2991,3202,28122
329,28123 Textilherstellung - Spezialist,4285,4501,28123
330,28132 Garn- und Seilherstellung - Fachkraft,2596,2808,28132
331,28133 Garn- und Seilherstellung - Spezialist,0,,28133
332,28142 Textilveredlung - Fachkraft,2877,3043,28142
333,28143 Textilveredlung - Spezialist,3949,4319,28143
334,"28193 Aufsicht - Textiltechnik, -produktion",4259,4447,28193
335,"28194 Führung - Textiltechnik, -produktion",5095,6413,28194
336,28212 Modedesign - Fachkraft,4571,4682,28212
337,28213 Modedesign - Spezialist,4200,4248,28213
338,28214 Modedesign - Experte,4211,5054,28214
339,28221 Bekleidungsherstellung - Helfer,2200,2242,28221
340,28222 Bekleidungsherstellung - Fachkraft,2317,2441,28222
341,28223 Bekleidungsherstellung - Spezialist,3939,4343,28223
342,28224 Bekleidungsherstellung - Experte,3894,4134,28224
343,"28232 Tech.Konfektionäre,Segelmacher-Fachkraft",2262,2499,28232
344,"28242 Polsterei,Fahrzeuginnenausstat-Fachkraft",2786,2903,28242
345,28293 Aufsicht - Textilverarbeitung,3947,3998,28293
346,28294 Führung - Textilverarbeitung,5540,5985,28294
347,"28301 Leder-,Pelzherstell.,-verarb.(oS)-Helfer",2538,2560,28301
348,28312 Lederherstellung - Fachkraft,3232,3300,28312
349,28313 Lederherstellung - Spezialist,6272,6621,28313
350,28314 Lederherstellung - Experte,0,,28314
351,"28322 Sattlerei,Herst. Lederutensil.-Fachkraft",2700,2826,28322
352,28332 Schuhherstellung - Fachkraft,2610,2730,28332
353,28333 Schuhherstellung - Spezialist,4161,4796,28333
354,28342 Pelzbe- und -verarbeitung - Fachkraft,0,,28342
355,28343 Pelzbe- und -verarbeitung - Spezialist,0,,28343
356,"28393 Aufsicht - Leder-,Pelzherstell.,-verarb.",4245,4115,28393
357,"28394 Führung - Leder-,Pelzherstell.,-verarb.",0,,28394
358,29102 Getränkeherstellung (o.S.) - Fachkraft,3410,3383,29102
359,29103 Getränkeherstellung (o.S.) - Spezialist,4213,4027,29103
360,29104 Getränkeherstellung (o.S.) - Experte,5974,5864,29104
361,"29112 Brauer/innen, Mälzer/innen - Fachkraft",4087,4095,29112
362,"29113 Brauer/innen, Mälzer/innen - Spezialist",0,,29113
363,"29114 Brauer/innen, Mälzer/innen - Experte",4604,4925,29114
364,29122 Weinküfer/innen - Fachkraft,3258,3450,29122
365,29123 Weinküfer/innen - Spezialist,0,,29123
366,"29132 Brenner, Destillateure - Fachkraft",0,,29132
367,"29133 Brenner, Destillateure - Spezialist",0,,29133
368,"29134 Brenner, Destillateure - Experte",0,,29134
369,29142 Fruchtsafttechnik - Fachkraft,3296,3437,29142
370,29143 Fruchtsafttechnik - Spezialist,0,,29143
371,"29152 Nahrungsmittel-,Getränkekoster-Fachkraft",0,,29152
372,29193 Aufsicht - Getränkeherstellung,4474,4871,29193
373,29194 Führung - Getränkeherstellung,6391,6576,29194
374,29201 Lebensmittelherstellung (o.S.) - Helfer,2596,2784,29201
375,29202 Lebensmittelherstellung (oS) - Fachkraft,3197,3376,29202
376,29203 Lebensmittelherstellung (oS) -Spezialist,3427,3738,29203
377,29204 Lebensmittelherstellung (o.S.) - Experte,4781,5263,29204
378,"29212 Mühlenprod.-,Futtermittelher.-Fachkraft",3698,3606,29212
379,"29213 Mühlenprod.-,Futtermittelher.-Spezialist",0,,29213
380,"29222 Back-, Konditoreiwarenherst.-Fachkraft",2848,2983,29222
381,"29223 Back-, Konditoreiwarenherst.-Spezialist",3560,3933,29223
382,29232 Fleischverarbeitung - Fachkraft,2760,2880,29232
383,29233 Fleischverarbeitung - Spezialist,0,,29233
384,29242 Fischverarbeitung - Fachkraft,2601,2973,29242
385,29243 Fischverarbeitung - Spezialist,0,,29243
386,29252 Milchproduktherstellung - Fachkraft,4253,4319,29252
387,29253 Milchproduktherstellung - Spezialist,4246,4657,29253
388,29262 Süßwarenherstellung - Fachkraft,3131,3169,29262
389,29263 Süßwarenherstellung - Spezialist,4000,4688,29263
390,29272 Tabakwarenherstellung - Fachkraft,3668,3906,29272
391,29273 Tabakwarenherstellung - Spezialist,7529,7574,29273
392,29282 Lebensmittelherstellung(ssT) - Fachkraft,3036,3178,29282
393,29283 Lebensmittelherstellung(ssT) -Spezialist,4110,4469,29283
394,29284 Lebensmittelherstellung (ssT) - Experte,4421,5019,29284
395,"29293 Aufsicht-Lebens-,Genussmittelherstellung",3900,4236,29293
396,"29294 Führung-Lebens-,Genussmittelherstellung",4334,4968,29294
397,29301 Köche/Köchinnen (o.S.) - Helfer,2304,2379,29301
398,29302 Köche/Köchinnen (o.S.) - Fachkraft,2730,2839,29302
399,"29312 Vor-, Kalt-, Süßspeisenköche - Fachkraft",2842,2845,29312
400,"29322 Grill-, Braten-, Fischköche - Fachkraft",2796,2833,29322
401,29382 Köche/Köchinnen (s.s.T.) - Fachkraft,2339,2417,29382
402,29393 Aufsicht - Speisenzubereitung,3561,3729,29393
403,29394 Führung - Speisenzubereitung,3874,4047,29394
404,"31102 Bauplanung,-überwachung (oS)-Fachkraft",4223,4490,31102
405,"31103 Bauplanung,-überwachung (oS)-Spezialist",4758,5238,31103
406,"31104 Bauplanung, -überwachung (oS) - Experte",5148,5715,31104
407,31114 Architektur - Experte,4400,4820,31114
408,31124 Stadt- und Raumplanung - Experte,6040,5747,31124
409,"31132 Bauplan. Verkehrswege,-anlagen-Fachkraft",3427,3500,31132
410,"31133 Bauplan Verkehrswege,-anlagen-Spezialist",4632,4709,31133
411,"31134 Bauplan. Verkehrswege,-anlagen - Experte",6192,6215,31134
412,31142 Wasserwirtschaft - Fachkraft,4355,4656,31142
413,31143 Wasserwirtschaft - Spezialist,5818,5894,31143
414,31144 Wasserwirtschaft - Experte,5702,5769,31144
415,"31152 Bauwerkserhaltung,-erneuerung-Fachkraft",2532,2931,31152
416,"31153 Bauwerkserhaltung,-erneuerung-Spezialist",4890,4615,31153
417,"31154 Bauwerkserhaltung,-erneuerung-Experte",0,,31154
418,"31163 Bausachverständ,-kontrolleure-Spezialist",4053,4503,31163
419,"31164 Bausachverständige,-kontrolleure-Experte",5208,5563,31164
420,"31173 Bauabrechnung,-kalkulation - Spezialist",5114,5468,31173
421,"31174 Bauabrechnung, -kalkulation - Experte",5643,5564,31174
422,"31193 Aufsicht-Bauplan.,-überwach.,Architektur",5364,5606,31193
423,"31194 Führung-Bauplan.,-überwach., Architektur",5319,5664,31194
424,31212 Vermessungstechnik - Fachkraft,3680,3850,31212
425,31213 Vermessungstechnik - Spezialist,4488,4769,31213
426,31214 Vermessungstechnik - Experte,4749,5026,31214
427,31222 Kartografie - Fachkraft,3369,3425,31222
428,31223 Kartografie - Spezialist,4361,4569,31223
429,31224 Kartografie - Experte,6099,6267,31224
430,32101 Hochbau (o.S.) - Helfer,2575,2651,32101
431,32102 Hochbau (o.S.) - Fachkraft,3217,3233,32102
432,32103 Hochbau (o.S.) - Spezialist,5203,5314,32103
433,32104 Hochbau (o.S.) - Experte,5131,5680,32104
434,32112 Beton- und Stahlbetonbau - Fachkraft,3235,3316,32112
435,32113 Beton- und Stahlbetonbau - Spezialist,4763,5265,32113
436,32122 Maurerhandwerk - Fachkraft,3327,3266,32122
437,32123 Maurerhandwerk - Spezialist,4374,4340,32123
438,32132 Schornsteinbau - Fachkraft,4027,3994,32132
439,32142 Dachdeckerei - Fachkraft,2865,3043,32142
440,32152 Fassadenbau - Fachkraft,0,,32152
441,32162 Gerüstbau - Fachkraft,3441,3548,32162
442,32172 Bauwerksabbruch - Fachkraft,2953,2995,32172
443,32193 Aufsicht - Hochbau,4588,4681,32193
444,32201 Tiefbau (o.S.) - Helfer,2922,2994,32201
445,32202 Tiefbau (o.S.) - Fachkraft,3300,3399,32202
446,32203 Tiefbau (o.S.) - Spezialist,4000,4399,32203
447,32204 Tiefbau (o.S.) - Experte,6055,6410,32204
448,"32212 Pflasterer, Steinsetzer - Fachkraft",3008,3026,32212
449,32222 Straßen- und Asphaltbau - Fachkraft,3398,3499,32222
450,32223 Straßen- und Asphaltbau - Spezialist,5255,5810,32223
451,32224 Straßen- und Asphaltbau - Experte,6209,6505,32224
452,32232 Gleisbau - Fachkraft,4090,4422,32232
453,32233 Gleisbau - Spezialist,6452,6851,32233
454,32242 Brunnenbau - Fachkraft,4028,3979,32242
455,32243 Brunnenbau - Spezialist,0,,32243
456,32252 Kanal- und Tunnelbau - Fachkraft,3197,3315,32252
457,32253 Kanal- und Tunnelbau - Spezialist,4755,4637,32253
458,32262 Kultur- und Wasserbau - Fachkraft,3473,3557,32262
459,32263 Kultur- und Wasserbau - Spezialist,4682,4819,32263
460,32264 Kultur- und Wasserbau - Experte,5400,5876,32264
461,32293 Aufsicht - Tiefbau,5260,5544,32293
462,33101 Bodenverlegung (o.S.) - Helfer,2784,2717,33101
463,33102 Bodenverlegung (o.S.) - Fachkraft,2564,2655,33102
464,"33112 Fliesen-Platten-,Mosaikverleg.-Fachkraft",3084,3187,33112
465,"33122 Estrich-, Terrazzoverlegung - Fachkraft",3334,3318,33122
466,33132 Parkettverlegung - Fachkraft,3263,3177,33132
467,33133 Parkettverlegung - Spezialist,0,,33133
468,33193 Aufsicht - Bodenverlegung,0,,33193
469,"33211 Maler-, Lackiererarbeiten - Helfer",2408,2588,33211
470,"33212 Maler-, Lackiererarbeiten - Fachkraft",2833,2908,33212
471,"33213 Maler-, Lackiererarbeiten - Spezialist",2975,3021,33213
472,33222 Stuckateurarbeiten - Fachkraft,3212,3226,33222
473,33223 Stuckateurarbeiten - Spezialist,0,,33223
474,33232 Bauwerksabdichtung - Fachkraft,0,,33232
475,33233 Bauwerksabdichtung - Spezialist,0,,33233
476,33242 Holz- und Bautenschutz - Fachkraft,3366,3673,33242
477,33243 Holz- und Bautenschutz - Spezialist,0,,33243
478,33293 Aufsicht-MalerStuckBauwerksabdBautensch.,3603,3981,33293
479,33301 Aus- und Trockenbau (o.S.) - Helfer,2560,2509,33301
480,33302 Aus- und Trockenbau (o.S.) - Fachkraft,2878,2970,33302
481,33303 Aus- und Trockenbau (o.S.) - Spezialist,0,,33303
482,33312 Isolierung - Fachkraft,3389,3487,33312
483,33322 Zimmerei - Fachkraft,3353,3378,33322
484,33323 Zimmerei - Spezialist,3830,4042,33323
485,33332 Bautischlerei - Fachkraft,2900,2985,33332
486,33342 Glaserei - Fachkraft,3162,3292,33342
487,33352 Rollladen- und Jalousiebau - Fachkraft,2885,2869,33352
488,"33393 Aufsicht-Aus-,Trockenbau.Iso.Zimm.Glas.",4168,4394,33393
489,34102 Gebäudetechnik (o.S.) - Fachkraft,2963,3025,34102
490,34103 Gebäudetechnik (o.S.) - Spezialist,3815,4006,34103
491,34104 Gebäudetechnik (o.S.) - Experte,5720,6083,34104
492,"34112 Platz-, Gerätewarte/innen - Fachkraft",2630,2885,34112
493,34193 Aufsicht - Gebäudetechnik,4298,4652,34193
494,34201 Klempnerei (o.S.) - Helfer,2540,2776,34201
495,34202 Klempnerei (o.S.) - Fachkraft,3244,3342,34202
496,34203 Klempnerei (o.S.) - Spezialist,4065,4106,34203
497,"34212 Sanitär,Heizung,Klimatechnik - Fachkraft",3236,3412,34212
498,"34213 Sanitär,Heizung,Klimatechnik -Spezialist",3514,4038,34213
499,"34214 Sanitär,Heizung,Klimatechnik - Experte",5471,6057,34214
500,34222 Ofen- und Luftheizungsbau - Fachkraft,3743,3860,34222
501,34232 Kältetechnik - Fachkraft,3597,3923,34232
502,34233 Kältetechnik - Spezialist,4277,4630,34233
503,34234 Kältetechnik - Experte,4400,4679,34234
504,"34293 Aufsicht-Klemp.Sanitär,Heizung,Klimatech",4466,4620,34293
505,34301 Ver- und Entsorgung (o.S.) - Helfer,2969,2977,34301
506,34302 Ver- und Entsorgung (o.S.) - Fachkraft,3523,3804,34302
507,34303 Ver- und Entsorgung (o.S.) - Spezialist,5043,5124,34303
508,34304 Ver- und Entsorgung (o.S.) - Experte,5452,6049,34304
509,"34312 Wasserversorg.,Abwassertechn.-Fachkraft",3782,3887,34312
510,"34313 Wasserversorg.,Abwassertechn.-Spezialist",4445,4756,34313
511,"34314 Wasserversorg.,Abwassertechn.-Experte",7150,6653,34314
512,34322 Rohrleitungsbau - Fachkraft,3466,3622,34322
513,34323 Rohrleitungsbau - Spezialist,5403,5283,34323
514,34324 Rohrleitungsbau - Experte,5892,6325,34324
515,34332 Abfallwirtschaft - Fachkraft,2933,3102,34332
516,34333 Abfallwirtschaft - Spezialist,4070,3888,34333
517,34334 Abfallwirtschaft - Experte,5621,5882,34334
518,"34342 Anlagen-,Behälter-,Apparatebau-Fachkraft",3527,3784,34342
519,"34343 Anlage-,Behälter-,Apparatebau-Spezialist",4786,4979,34343
520,"34344 Anlagen-,Behälter-,Apparatebau-Experte",6012,6690,34344
521,34393 Aufsicht - Ver- und Entsorgung,5142,5337,34393
522,41103 Mathematik (o.S.) - Spezialist,5497,5650,41103
523,41104 Mathematik (o.S.) - Experte,6106,6879,41104
524,41114 Statistik - Experte,5382,5701,41114
525,41184 Mathematik (s.s.T.) - Experte,6159,6510,41184
526,41194 Führung - Mathematik und Statistik,0,,41194
527,41203 Biologie (o.S.) - Spezialist,4184,4177,41203
528,41204 Biologie (o.S.) - Experte,5545,5745,41204
529,41212 Biologisch-techn. Laboratorium-Fachkraft,3680,3960,41212
530,41213 Biologisch-techn.Laboratorium-Spezialist,4506,4942,41213
531,41214 Biologisch-techn.Laboratorium-Experte,5100,5444,41214
532,41222 Biologische Präparation - Fachkraft,3294,3385,41222
533,41234 Biologie (Ökologie) - Experte,4499,4884,41234
534,41244 Biologie (Botanik) - Experte,0,,41244
535,41254 Biologie (Zoologie) - Experte,4911,5166,41254
536,41264 Biologie (Mikrobiologie) - Experte,5240,6043,41264
537,41274 Biologie (Humanbiologie) - Experte,5703,6240,41274
538,41283 Biologie (s.s.T.) - Spezialist,5314,5400,41283
539,41284 Biologie (s.s.T.) - Experte,5216,5501,41284
540,41293 Aufsicht - Biologie,5881,6004,41293
541,41294 Führung - Biologie,0,,41294
542,41303 Chemie (o.S.) - Spezialist,5501,5522,41303
543,41304 Chemie (o.S.) - Experte,7007,8136,41304
544,41311 Chemie- und Pharmatechnik - Helfer,3200,3382,41311
545,41312 Chemie- und Pharmatechnik - Fachkraft,4405,4652,41312
546,41313 Chemie- und Pharmatechnik - Spezialist,5732,6110,41313
547,41314 Chemie- und Pharmatechnik - Experte,6635,7164,41314
548,41322 Chemisch-techn. Laboratorium - Fachkraft,3928,4189,41322
549,41323 Chemisch-techn.Laboratorium - Spezialist,4895,5000,41323
550,41324 Chemisch-techn.Laboratorium - Experte,5110,5609,41324
551,41333 Steuerer chem. Verfahrensanl.-Spezialist,3708,3974,41333
552,"41343 Steuerer Erdöl,Erdgasraf.anl.-Spezialist",6904,7220,41343
553,41383 Chemie (s.s.T.) - Spezialist,5264,5408,41383
554,41384 Chemie (s.s.T.) - Experte,4919,5468,41384
555,41393 Aufsicht - Chemie,6571,6953,41393
556,41394 Führung - Chemie,8065,8341,41394
557,41403 Physik (o.S.) - Spezialist,4535,4509,41403
558,41404 Physik (o.S.) - Experte,5870,5992,41404
559,41412 Physikalisch-tech.Laboratorium-Fachkraft,4027,4340,41412
560,41413 Physikal.-techn. Laboratorium-Spezialist,4891,5242,41413
561,41414 Physikalisch-techn. Laboratorium-Experte,6000,6508,41414
562,41422 Werkstofftechnik - Fachkraft,3888,4034,41422
563,41423 Werkstofftechnik - Spezialist,5268,5408,41423
564,41424 Werkstofftechnik - Experte,6000,6173,41424
565,41432 Baustoffprüfung - Fachkraft,3603,3777,41432
566,41433 Baustoffprüfung - Spezialist,4723,4758,41433
567,41434 Baustoffprüfung - Experte,4409,4852,41434
568,41482 Physik (s.s.T.) - Fachkraft,4881,5549,41482
569,41483 Physik (s.s.T.) - Spezialist,4311,4297,41483
570,41484 Physik (s.s.T.) - Experte,5962,6100,41484
571,41493 Aufsicht - Physik,6209,7041,41493
572,41494 Führung - Physik,6118,6798,41494
573,42112 Geotechnik - Fachkraft,3600,3598,42112
574,42113 Geotechnik - Spezialist,4042,4608,42113
575,42114 Geotechnik - Experte,5074,6073,42114
576,42124 Geologie - Experte,5330,6035,42124
577,42134 Geografie - Experte,4350,4646,42134
578,42142 Meteorologie - Fachkraft,3554,3648,42142
579,42143 Meteorologie - Spezialist,4678,4650,42143
580,42144 Meteorologie - Experte,5696,5858,42144
581,42202 Umweltschutztechnik (o.S.) - Fachkraft,3794,4115,42202
582,42203 Umweltschutztechnik (o.S.) - Spezialist,4691,4637,42203
583,42204 Umweltschutztechnik (o.S.) - Experte,5150,5397,42204
584,42212 Schornsteinfeger/innen - Fachkraft,3655,3572,42212
585,42283 Umweltschutztechnik(s.s.T.) - Spezialist,4567,5008,42283
586,42293 Aufsicht - Umweltschutztechnik,6857,6188,42293
587,"42312 Umweltschutzverwalt.,-beratung-Fachkraft",0,,42312
588,"42313 Umweltschutzverwalt,-beratung-Spezialist",4635,4778,42313
589,"42314 Umweltschutzverwaltung,-beratung-Experte",5725,5701,42314
590,"42323 Gewäs.Immissions,Abfallbeauf.-Spezialist",0,,42323
591,"42324 Gewäs.Immissions,Abfallbeauf.-Experte",4913,5115,42324
592,42333 Strahlenschutzbeauftragte - Spezialist,3976,4372,42333
593,42334 Strahlenschutzbeauftragte - Experte,4344,4798,42334
594,42394 Führung - Umweltmanagement und -beratung,10000,10753,42394
595,43102 Informatik (o.S.) - Fachkraft,4545,4997,43102
596,43103 Informatik (o.S.) - Spezialist,6304,6623,43103
597,43104 Informatik (o.S.) - Experte,5998,6334,43104
598,43112 Wirtschaftsinformatik - Fachkraft,4441,5158,43112
599,43113 Wirtschaftsinformatik - Spezialist,5427,5565,43113
600,43114 Wirtschaftsinformatik - Experte,5769,6334,43114
601,43122 Technische Informatik - Fachkraft,4695,4968,43122
602,43123 Technische Informatik - Spezialist,4170,4590,43123
603,43124 Technische Informatik - Experte,5535,5861,43124
604,"43134 Bio-, Medizininformatik - Experte",5545,5969,43134
605,43144 Geoinformatik - Experte,4200,4430,43144
606,43152 Medieninformatik - Fachkraft,3769,4093,43152
607,43153 Medieninformatik - Spezialist,0,,43153
608,43154 Medieninformatik - Experte,4500,4758,43154
609,43194 Führung - Informatik,9575,10336,43194
610,43214 IT-Systemanalyse - Experte,6065,6234,43214
611,43223 IT-Anwendungsberatung - Spezialist,5427,5833,43223
612,43224 IT-Anwendungsberatung - Experte,5708,6037,43224
613,43232 IT-Vertrieb - Fachkraft,4410,5098,43232
614,43233 IT-Vertrieb - Spezialist,5390,6356,43233
615,"43294 Führung-IT-System,-Anwendung,-Vertrieb",7898,8686,43294
616,43312 IT-Netzwerktechnik - Fachkraft,0,,43312
617,43313 IT-Netzwerktechnik - Spezialist,5427,5646,43313
618,43314 IT-Netzwerktechnik - Experte,5452,6228,43314
619,43323 IT-Koordination - Spezialist,5333,5517,43323
620,43333 IT-Organisation - Spezialist,5359,5697,43333
621,43343 IT-Systemadministation - Spezialist,4885,5117,43343
622,"43353 Datenbankentwick.,-administr.-Spezialist",5483,5828,43353
623,43363 Webadministration - Spezialist,5255,5465,43363
624,"43383 IT-Netzw,Koord,Admin,Org(ssT)-Spezialist",5795,6007,43383
625,"43384 IT-Netzw.,Koord.,Admin,Orga(ssT)-Experte",5801,6337,43384
626,"43394 Führung-IT-Netzw.,-Koord.,-Admin.,-Orga.",7285,7875,43394
627,43412 Softwareentwicklung - Fachkraft,4400,4648,43412
628,43413 Softwareentwicklung - Spezialist,5808,6025,43413
629,43414 Softwareentwicklung - Experte,5635,5881,43414
630,43423 Programmierung - Spezialist,4980,5313,43423
631,"43494 Führung-Softwareentwickl.,Programmierung",7787,8080,43494
632,51112 Technischer Eisenbahnbetrieb - Fachkraft,3090,2891,51112
633,51113 Technischer Eisenbahnbetrieb -Spezialist,3390,3693,51113
634,51122 Techn. Luftverkehrsbetrieb - Fachkraft,3749,4209,51122
635,51123 Techn. Luftverkehrsbetrieb - Spezialist,5404,5477,51123
636,51132 Techn. Schiffsverkehrsbetrieb-Fachkraft,3460,3539,51132
637,51133 Techn. Schiffsverkehrsbetrieb-Spezialist,6318,6602,51133
638,51134 Techn. Schiffsverkehrsbetrieb - Experte,6762,6774,51134
639,51182 TechBetEisenbLuftSchiffsv(ssT)-Fachkraft,0,,51182
640,51183 TechBetEisenbLuftSchiffv(ssT)-Spezialist,0,,51183
641,51193 Aufsicht-TechBetr.Eisenb.LuftSchiffsverk,0,,51193
642,"51212 Straßen-, Tunnelwärter/innen - Fachkraft",3700,3784,51212
643,51222 Wart. Eisenbahninfrastruktur - Fachkraft,3057,3246,51222
644,51223 Wart. Eisenbahninfrastruktur -Spezialist,4350,4480,51223
645,51224 Wart. Eisenbahninfrastruktur - Experte,4730,5391,51224
646,51233 Flugsicherungstechnik - Spezialist,9214,8123,51233
647,51234 Flugsicherungstechnik - Experte,8961,8602,51234
648,"51242 Wasserstraßen-,Brückenwärter - Fachkraft",4632,4401,51242
649,"51243 Wasserstraßen-, Brückenwärter-Spezialist",4139,4251,51243
650,"51293 Aufsicht - Überw.,Wart.Verkehrsinfraktur",3686,3963,51293
651,51311 Lagerwirtschaft - Helfer,2649,2776,51311
652,51312 Lagerwirtschaft - Fachkraft,2981,3160,51312
653,51321 Post- und Zustelldienste - Helfer,2659,2914,51321
654,51322 Post- und Zustelldienste - Fachkraft,3542,3591,51322
655,51332 Güter- und Warenumschlag - Fachkraft,3299,3712,51332
656,"51393 Aufsicht-Lagerw.,Post,Zustell.,Güterum.",4011,4279,51393
657,"51394 Führung-Lagerw.,Post,Zustell.,Güterum.",4332,4703,51394
658,51401 Servicekräfte Personenverk.(o.S.)-Helfer,2627,2756,51401
659,51412 Servicefachk.StraßenSchienenv.-Fachkraft,2982,3181,51412
660,51422 Servicefachkräfte Luftverkehr-Fachkraft,3474,3740,51422
661,51432 Servicefachkräfte Schiffsverk.-Fachkraft,3601,3825,51432
662,51493 Aufsicht-Personenverkehr(Servicebereich),3686,3833,51493
663,51503 Überwach. Verkehrsbetrieb(oS)-Spezialist,4320,4380,51503
664,51504 Überwach. Verkehrsbetrieb (oS) - Experte,3664,4540,51504
665,51511 Überwach. Straßenverkehrsbetr.-Helfer,0,,51511
666,51512 Überwach. Straßenverkehrsbetr.-Fachkraft,3831,3779,51512
667,51513 Überwach. Straßenverkehrsbetr-Spezialist,4407,4796,51513
668,51522 Überwach.Eisenbahnverkehrsbetr-Fachkraft,3263,3481,51522
669,51523 Überwach.Eisenbahnverkehrsbet-Spezialist,4894,5607,51523
670,51532 Überwachung Luftverkehrsbetr.-Fachkraft,3444,3988,51532
671,51533 Überwachung Luftverkehrsbetr.-Spezialist,11716,10380,51533
672,51534 Überwachung Luftverkehrsbetr. -Experte,5870,8582,51534
673,51543 Überwach.Schiffsverkehrsbetr.-Spezialist,2560,3001,51543
674,51583 Überwach.Verkehrsbetrieb(ssT)-Spezialist,4860,5223,51583
675,51593 Aufsicht - Überwachung Verkehrsbetrieb,3773,3999,51593
676,51594 Führung - Überwachung Verkehrsbetrieb,5273,5946,51594
677,51613 Verkehrskaufleute - Spezialist,0,,51613
678,51614 Verkehrskaufleute - Experte,6126,6153,51614
679,"51622 Speditions-,Logistikkaufleute-Fachkraft",3518,3887,51622
680,"51623 Speditions-,Logistikkaufleute-Spezialist",3888,4269,51623
681,"51624 Speditions-, Logistikkaufleute - Experte",3447,4274,51624
682,"51632 Straßen,Schienenverkehrskaufl.-Fachkraft",3775,4041,51632
683,"51633 Straße,Schienenverkehrskaufl.-Spezialist",0,,51633
684,51642 Luftverkehrskaufleute - Fachkraft,3900,4049,51642
685,51643 Luftverkehrskaufleute - Spezialist,3800,4201,51643
686,51652 Schifffahrtskaufleute - Fachkraft,5000,5528,51652
687,51653 Schifffahrtskaufleute - Spezialist,5806,6497,51653
688,51662 KurierExpressPostdienstl.kaufl-Fachkraft,4416,4333,51662
689,51663 KurierExpressPostdienst.kaufl-Spezialist,6559,7723,51663
690,"51694 Führung-Verkehr,Logistik (kaufm.Bereich)",5620,6445,51694
691,52112 Berufskraftfahrer(Pers./PKW.)-Fachkraft,2201,2276,52112
692,52122 Berufskraftfahrer(Güterv./LKW)-Fachkraft,3000,3088,52122
693,"52132 Bus-, Straßenbahnfahrer/innen-Fachkraft",3162,3189,52132
694,52182 FahrzeugführerStraßenverk(ssT)-Fachkraft,2478,2594,52182
695,52202 TriebfahrzeugführEisenbahn(oS)-Fachkraft,3758,3862,52202
696,52313 PilotenVerkehrsflugzeugführer-Spezialist,11050,11093,52313
697,"52314 Piloten,Verkehrsflugzeugführer - Experte",14120,14449,52314
698,52383 Fahrzeugführer Flugverk.(ssT)-Spezialist,2500,3583,52383
699,52384 Fahrzeugführer Flugverkehr (ssT)-Experte,25630,25340,52384
700,"52413 NautSchiffsoffiziere,Kapitäne-Spezialist",5460,5389,52413
701,"52414 Naut.Schiffsoffiziere, Kapitäne-Experte",5911,6427,52414
702,"52422 Schiffsführ.Binnen-,Hafenverk.-Fachkraft",3278,3301,52422
703,"52423 Schiffsführ.Binnen,Hafenverk.-Spezialist",0,,52423
704,"52512 Führer land-,forstw. Maschinen-Fachkraft",2865,2955,52512
705,"52522 Führer Erdbeweg,verw.Maschinen-Fachkraft",3445,3539,52522
706,"52531 Kranführ., Bediener Hebeeinricht.-Helfer",2863,2935,52531
707,52532 Kranführ.BedienerHebeeinricht.-Fachkraft,3654,3865,52532
708,"52593 Aufsicht - Bau-, Transportgeräteführung",4590,4728,52593
709,"53111 Objekt-, Werte-, Personenschutz - Helfer",2711,2854,53111
710,"53112 Objekt-,Werte-, Personenschutz-Fachkraft",3260,3378,53112
711,"53122 Arbeitssicherh.,Sich.-technik-Fachkraft",5198,5087,53122
712,"53123 Arbeitssicherh.,Sich.-technik-Spezialist",4349,4604,53123
713,"53124 Arbeitssicherh.,Sich.-technik-Experte",5311,5721,53124
714,53132 Brandschutz - Fachkraft,3746,4005,53132
715,53133 Brandschutz - Spezialist,4390,4461,53133
716,53134 Brandschutz - Experte,6032,6142,53134
717,53142 Badeaufsicht - Fachkraft,3139,3219,53142
718,53152 Detektive/Detektivinnen - Fachkraft,0,,53152
719,53162 Inkassobeauftragte - Fachkraft,3816,3921,53162
720,53182 Obj.Pers.Brandschutz (ssT)-Fachkraft,3752,4509,53182
721,53183 Obj.Pers.Brandschutz (ssT)-Spezialist,3529,3810,53183
722,53184 Obj.Pers.Brandschutz (ssT)-Experte,5678,6198,53184
723,"53193 Aufsicht-Objekt,Brandschutz,Arbeitssich.",4685,4904,53193
724,"53194 Führung-Objekt-,Brandschutz,Arbeitssich.",6015,6641,53194
725,53212 Polizeivollzugsdienst - Fachkraft,3231,3276,53212
726,53213 Polizeivollzugsdienst - Spezialist,4483,4457,53213
727,53214 Polizeivollzugsdienst - Experte,6185,6315,53214
728,53222 Kriminaldienst - Fachkraft,0,,53222
729,53223 Kriminaldienst - Spezialist,0,,53223
730,53224 Kriminaldienst - Experte,3599,3531,53224
731,53232 Gerichtsvollzug - Fachkraft,0,,53232
732,53233 Gerichtsvollzug - Spezialist,0,,53233
733,53241 Justizvollzugsdienst - Helfer,2623,2673,53241
734,53242 Justizvollzugsdienst - Fachkraft,3668,3638,53242
735,53243 Justizvollzugsdienst - Spezialist,4291,4333,53243
736,53244 Justizvollzugsdienst - Experte,6140,6278,53244
737,53312 Gewerbeaufsicht - Fachkraft,3351,3385,53312
738,53313 Gewerbeaufsicht - Spezialist,4364,4378,53313
739,53314 Gewerbeaufsicht - Experte,6186,6299,53314
740,"53322 Gesundheitsaufs.,Hygieneüberw.-Fachkraft",4227,4309,53322
741,53323 Gesundheitsaufs.Hygieneüberw.-Spezialist,4250,4387,53323
742,53332 Lebensmittelkontrolle - Fachkraft,3335,3642,53332
743,53333 Lebensmittelkontrolle - Spezialist,3778,4112,53333
744,"53342 Desinfekt., Schädlingsbekämpf.-Fachkraft",3327,3566,53342
745,"53393 Aufsicht-Gewerbe-, Gesundheitsaufsicht",0,,53393
746,"53394 Führung-Gewerbe-, Gesundheitsaufsicht",0,,53394
747,54101 Reinigung (o.S.) - Helfer,2388,2464,54101
748,54112 Gebäudereinigung - Fachkraft,2520,2573,54112
749,54113 Gebäudereinigung - Spezialist,3656,3695,54113
750,"54122 Glas-, Fensterreinigung - Fachkraft",3222,2997,54122
751,54132 Textilreinigung - Fachkraft,2280,2426,54132
752,"54142 Maschinen-, Anlagenreinigung - Fachkraft",3378,3583,54142
753,54152 Fahrzeugreinigung - Fachkraft,2531,2717,54152
754,54182 Reinigung (s.s.T.) - Fachkraft,2871,2956,54182
755,54193 Aufsicht - Reinigung,3748,3994,54193
756,61112 Einkauf - Fachkraft,3956,4357,61112
757,61113 Einkauf - Spezialist,4813,5279,61113
758,61122 Vertrieb (außer IKT) - Fachkraft,4002,4544,61122
759,61123 Vertrieb (außer IKT) - Spezialist,5174,5660,61123
760,61124 Vertrieb (außer IKT) - Experte,6462,6997,61124
761,"61132 Handelsmakler,Auktionatoren - Fachkraft",0,,61132
762,"61133 Handelsmakler,Auktionatoren - Spezialist",0,,61133
763,61142 Kaufleute Automatenservice - Fachkraft,2416,2603,61142
764,61152 Geld- und Pfandverleih - Fachkraft,0,,61152
765,61162 Verleih (außer Geld u. Pfand) -Fachkraft,3000,3195,61162
766,61194 Führung - Einkauf  und Vertrieb,7143,7857,61194
767,61203 Kaufleute im Handel (o.S.) - Spezialist,5252,5252,61203
768,61204 Kaufleute im Handel (o.S.) - Experte,0,,61204
769,"61212 Kaufleute Groß-, Außenhandel - Fachkraft",3426,3910,61212
770,"61213 Kaufleute Groß-, Außenhandel -Spezialist",5486,6186,61213
771,"61214 Kaufleute Groß-, Außenhandel - Experte",5859,6768,61214
772,61282 Kaufleute im Handel (s.s.T) - Fachkraft,3927,4664,61282
773,61283 Kaufleute im Handel (s.s.T) - Spezialist,4571,5269,61283
774,61284 Kaufleute im Handel (s.s.T.) - Experte,6380,7688,61284
775,61294 Führung - Handel,0,,61294
776,"61312 Immobilienvermarktung,-verwal.-Fachkraft",3810,4201,61312
777,"61313 Immobilienvermarktung,verwal.-Spezialist",3730,4646,61313
778,"61314 Immobilienvermarktung,-verwal.-Experte",6872,6775,61314
779,61323 Facility-Management - Spezialist,4000,4529,61323
780,"61394 Führung-Immobilienwirt., Facility-Manag.",5265,5465,61394
781,62101 Verkauf (ohne Produktspezialis.)-Helfer,2273,2199,62101
782,62102 Verkauf (ohne Produktspezial.)-Fachkraft,2776,3076,62102
783,62103 Verkauf (ohne Produktspez.) - Spezialist,3865,4109,62103
784,"62112 Kassierer, Kartenverkäufer - Fachkraft",2603,2760,62112
785,"62122 Verkaufsstand-,Marktverkäufer -Fachkraft",3312,3288,62122
786,62182 Verkauf (o. Produktspez) (ssT)-Fachkraft,3826,4422,62182
787,62183 Verkauf (o. Produktspez)(ssT)-Spezialist,3500,3765,62183
788,62193 Aufsicht - Verkauf,3967,4381,62193
789,62194 Führung - Verkauf,4500,5237,62194
790,"62212 Verkauf (Bekleid.,Leder,Sport)-Fachkraft",2380,2382,62212
791,"62222 Verkauf (Schmuck, Uhren) - Fachkraft",0,,62222
792,"62232 Verkauf (Büro,Geschenk,Spiel)-Fachkraft",2145,2507,62232
793,"62242 Verkauf (Elektro-,Hauswaltsw.)-Fachkraft",2755,3052,62242
794,"62252 Verkauf (Möbel, Einrichtung)-Fachkraft",3198,3654,62252
795,"62262 Verkauf (Garten,Heimwerk,Tier)-Fachkraft",2834,2959,62262
796,"62272 Verkauf (KFZ, Zweirad,Zubehör)-Fachkraft",3875,4742,62272
797,62282 Verkauf (ssT) - Fachkraft,2358,2752,62282
798,62301 Verkauf Lebensmittel (o.S.) - Helfer,0,,62301
799,62302 Verkauf Lebensmittel (o.S.) - Fachkraft,2657,2739,62302
800,"62312 Verkauf Back-,Konditoreiwaren-Fachkraft",2349,2451,62312
801,62322 Verkauf von Fleischwaren - Fachkraft,2369,2421,62322
802,62382 Verkauf Lebensmittel (s.s.T.)-Fachkraft,0,,62382
803,62412 Verkauf drog.apotheken.Waren-Fachkraft,2782,2888,62412
804,"62422 Verkauf Sanitäts,Medizinbedarf-Fachkraft",0,,62422
805,62512 Buchhandel - Fachkraft,2233,2385,62512
806,62513 Buchhandel - Spezialist,0,,62513
807,62514 Buchhandel - Experte,0,,62514
808,"62522 Kunst-, Antiquitätenhandel - Fachkraft",0,,62522
809,62532 Musikfachhandel - Fachkraft,0,,62532
810,63112 Tourismuskaufleute - Fachkraft,2939,3153,63112
811,63113 Tourismuskaufleute - Spezialist,4150,4294,63113
812,63114 Tourismuskaufleute - Experte,5000,5529,63114
813,"63122 Sport-,Fitnesskaufl.Sportmanag-Fachkraft",2472,2860,63122
814,"63123 Sport,Fitnesskaufl.Sportmanag-Spezialist",3027,3710,63123
815,"63124 Sport-,Fitnesskaufl.Sportmanag-Experte",0,,63124
816,63132 Animateure und Gästebetreuer - Fachkraft,2800,2874,63132
817,"63142 Reiseleiter, Fremdenführer - Fachkraft",2821,3117,63142
818,"63143 Reiseleiter, Fremdenführer - Spezialist",0,,63143
819,63194 Führung - Tourismus und Sport,3832,4297,63194
820,63212 Hotelkaufleute - Fachkraft,3209,3499,63212
821,63213 Hotelkaufleute - Spezialist,5228,4880,63213
822,63221 Hotelservice - Helfer,2439,2495,63221
823,63222 Hotelservice - Fachkraft,2719,2790,63222
824,63293 Aufsicht - Hotellerie,2943,3282,63293
825,63294 Führung - Hotellerie,4121,4818,63294
826,63301 Gastronomieservice (o.S.) - Helfer,2412,2508,63301
827,63302 Gastronomieservice (o.S.) - Fachkraft,2510,2678,63302
828,63303 Gastronomieservice (o.S.) - Spezialist,2815,2914,63303
829,63312 Systemgastronomie - Fachkraft,2617,2765,63312
830,63313 Systemgastronomie - Spezialist,4858,4907,63313
831,63322 Barkeeper/innen - Fachkraft,0,,63322
832,63382 Gastronomie (s.s.T.) - Fachkraft,2711,2817,63382
833,63383 Gastronomie (s.s.T.) - Spezialist,3050,3331,63383
834,63393 Aufsicht - Gastronomie,2676,2752,63393
835,63394 Führung - Gastronomie,3914,4118,63394
836,"63401 Veranstaltungsservice,-manag. - Helfer",2610,2777,63401
837,"63402 Veranstaltungsservice,-manag. -Fachkraft",3273,3543,63402
838,"63403 Veranstaltungsservice,-manag.-Spezialist",3792,4194,63403
839,"63404 Veranstaltungsservice,-manag. - Experte",4361,4750,63404
840,71104 Geschäftsführer und Vorstände - Experte,7500,9132,71104
841,71214 Angeh. gesetzgeb. Körperschaften-Experte,0,,71214
842,71224 Leit. Bedienstete Interessenorga-Experte,6307,6542,71224
843,71234 Betriebsinterne Wahlämter - Experte,5101,5501,71234
844,"71302 Kaufm.,techn.Betriebswirt.(oS)-Fachkraft",3982,4491,71302
845,"71303 Kaufm.,tech.Betriebswirt.(oS)-Spezialist",5070,5508,71303
846,"71304 Kaufm.,tech.Betriebswirtsch.(oS)-Experte",7021,7412,71304
847,"71314 Unternehmensorganisation,planung-Experte",5439,5724,71314
848,71324 Unternehmensberatung - Experte,6461,7525,71324
849,71333 Wirtschaftsförderung - Spezialist,4590,5127,71333
850,"71382 Unternehmensorg.,strateg.(ssT)-Fachkraft",4434,5312,71382
851,"71383 Unternehmensorg,strateg.(ssT)-Spezialist",6834,7438,71383
852,"71384 Unternehmensorg.,-strategie(ssT)-Experte",6641,7472,71384
853,"71393 Aufsicht - Unternehmensorg.,-strategie",5805,6325,71393
854,"71394 Führung - Unternehmensorg., -strategie",7591,8427,71394
855,"71401 Büro-, Sekretariatskräfte(o.S.) - Helfer",2663,3062,71401
856,"71402 Büro-,Sekretariatskräfte(o.S.)-Fachkraft",3455,3895,71402
857,"71403 Büro-,Sekretariatskräfte(oS) -Spezialist",4329,4695,71403
858,"71412 Fremdsprachensekr.,korrespond.-Fachkraft",0,,71412
859,"71413 Fremdsprachensek.,korrespond.-Spezialist",3625,4090,71413
860,"71423 Dolmetscher, Übersetzer - Spezialist",3122,3572,71423
861,"71424 Dolmetscher, Übersetzer - Experte",3290,3590,71424
862,"71432 Steno-, Phonotypisten - Fachkraft",3446,3856,71432
863,"71433 Steno-, Phonotypisten - Spezialist",0,,71433
864,"71442 Kodierer, Korrekturleser - Fachkraft",3838,4040,71442
865,"71452 Auskunft, Kundeninformation - Fachkraft",3000,3245,71452
866,71493 Aufsicht - Büro und Sekretariat,4000,4568,71493
867,"71512 Personalentwick.,sachbearbeit.-Fachkraft",4143,4416,71512
868,"71513 Personalentwick.,sachbearbeit-Spezialist",4968,5335,71513
869,"71514 Personalentwickl.,-sachbearbeit.-Experte",5250,5909,71514
870,71522 Personaldienstleistung - Fachkraft,3524,3935,71522
871,71523 Personaldienstleistung - Spezialist,4260,4703,71523
872,71524 Personaldienstleistung - Experte,4731,5197,71524
873,"71594 Führung - Personalwesen, -dienstleistung",7870,8858,71594
874,72112 Bankkaufleute - Fachkraft,4869,5541,72112
875,72113 Bankkaufleute - Spezialist,5537,6191,72113
876,"72122 Anlageberater, Finanzdienstl.-Fachkraft",4902,5392,72122
877,"72123 Anlageberater, Finanzdienstl.-Spezialist",6396,7550,72123
878,"72124 Anlageberater, Finanzdienstl.-Experte",7000,8614,72124
879,72132 Versicherungskaufleute - Fachkraft,4477,4750,72132
880,72133 Versicherungskaufleute - Spezialist,4922,5420,72133
881,72134 Versicherungskaufleute - Experte,6473,7004,72134
882,72144 Finanzanalysten/innen - Experte,6399,7022,72144
883,"72182 Versicher-,Finanzdienstl.(ssT)-Fachkraft",4456,4792,72182
884,"72183 Versicher,Finanzdienstl.(ssT)-Spezialist",4542,4892,72183
885,"72184 Versicher-,Finanzdienstl.(ssT)-Experte",7422,8539,72184
886,"72194 Führung-Versicherung-,Finanzdienstleist.",6808,8502,72194
887,72212 Buchhaltung - Fachkraft,3520,3863,72212
888,72213 Buchhaltung - Spezialist,3959,4304,72213
889,72214 Buchhaltung - Experte,6438,7367,72214
890,"72223 Kostenrechnung, Kalkulation - Spezialist",4584,5040,72223
891,"72224 Kostenrechnung, Kalkulation - Experte",5733,6441,72224
892,72233 Controlling - Spezialist,5236,5618,72233
893,72234 Controlling - Experte,5724,6201,72234
894,72243 Wirtschaftsprüfung - Spezialist,4375,4885,72243
895,72244 Wirtschaftsprüfung - Experte,6440,7632,72244
896,"72294 Führung-Rechnungsw.,Controlling,Revision",7988,9135,72294
897,72302 Steuerberatung - Fachkraft,3350,3545,72302
898,72303 Steuerberatung - Spezialist,4167,4703,72303
899,72304 Steuerberatung - Experte,6838,7679,72304
900,"73104 Rechtsberatung,-sprechung (oS) - Experte",7015,7675,73104
901,"73112 Assistenz Rechtsanwalt.,Notar.-Fachkraft",3050,3223,73112
902,"73113 Assistenz Rechtsanwalt.,Notar-Spezialist",4800,4792,73113
903,73124 Notare/Notarinnen - Experte,7529,8764,73124
904,73134 Rechtsanwälte/-anwältinnen - Experte,7638,8513,73134
905,73144 Staatsanwälte/-anwältinnen - Experte,7350,6967,73144
906,73154 Richter/innen - Experte,7419,7188,73154
907,73162 Verfassungsschutz - Fachkraft,3533,3595,73162
908,73163 Verfassungsschutz - Spezialist,4601,4662,73163
909,73164 Verfassungsschutz - Experte,6159,6347,73164
910,"73183 Rechtsber.,sprech.,ordn.(ssT)-Spezialist",5218,6039,73183
911,"73184 Rechtsberat.,sprech.,ordn.(ssT)-Experte",6698,7339,73184
912,"73194 Führung-Rechtsberatung,sprechung,ordnung",10266,11361,73194
913,73201 Öffentliche Verwaltung (o.S.) - Helfer,2934,2990,73201
914,73202 Öffentliche Verwaltung(o.S.) - Fachkraft,3375,3489,73202
915,73203 Öffentliche Verwaltung (o.S.)-Spezialist,4559,4600,73203
916,73204 Öffentliche Verwaltung (o.S.) - Experte,6218,6325,73204
917,"73212 Sozialverwaltung,-versicherung-Fachkraft",3519,3578,73212
918,"73213 Sozialverwaltung,versicherung-Spezialist",4606,4629,73213
919,"73214 Sozialverwaltung, -versicherung-Experte",6569,6863,73214
920,"73222 Verw. Sozial-,Gesundheitswes. -Fachkraft",3246,3383,73222
921,"73223 Verw. Sozial-,Gesundheitswes.-Spezialist",3759,4059,73223
922,"73224 Verw. Sozial-,Gesundheitswes. - Experte",4758,5537,73224
923,73231 Steuerverwaltung - Helfer,2848,2901,73231
924,73232 Steuerverwaltung - Fachkraft,3359,3308,73232
925,73233 Steuerverwaltung - Spezialist,4320,4353,73233
926,73234 Steuerverwaltung - Experte,6020,6157,73234
927,73241 Zolldienst - Helfer,0,,73241
928,73242 Zolldienst - Fachkraft,3904,4295,73242
929,73243 Zolldienst - Spezialist,0,,73243
930,73244 Zolldienst - Experte,4771,5254,73244
931,73252 Justizverwaltung - Fachkraft,3367,3306,73252
932,73253 Justizverwaltung - Spezialist,4150,4262,73253
933,73254 Justizverwaltung - Experte,5937,6185,73254
934,73282 Öffentliche Verwaltung (ssT) - Fachkraft,3540,3692,73282
935,73283 Öffentliche Verwaltung (ssT) -Spezialist,4519,4466,73283
936,73284 Öffentliche Verwaltung (ssT) - Experte,6227,6489,73284
937,73293 Aufsicht - Verwaltung,6419,6525,73293
938,73294 Führung - Verwaltung,8746,8570,73294
939,73312 Archivwesen - Fachkraft,3498,3764,73312
940,73313 Archivwesen - Spezialist,4087,4502,73313
941,73314 Archivwesen - Experte,3180,3404,73314
942,73322 Bibliothekswesen - Fachkraft,3361,3586,73322
943,73323 Bibliothekswesen - Spezialist,4286,4753,73323
944,73324 Bibliothekswesen - Experte,4424,4665,73324
945,"73332 Dokument.-,Informationsdienst-Fachkraft",4050,4353,73332
946,"73333 Dokument.-,Informationsdienst-Spezialist",3473,4449,73333
947,"73334 Dokumentat.-, Informationsdienst-Experte",4026,4212,73334
948,73342 Medizinische Dokumentation - Fachkraft,4168,4640,73342
949,"73394 Führung-Medien-Dokument.-,Informationsd.",5440,6362,73394
950,81102 Medizin. Fachangestellte (oS)-Fachkraft,2828,2861,81102
951,81103 Medizin. Fachangestellte (oS)-Spezialist,2815,2859,81103
952,81112 Zahnmedizin. Fachangestellte - Fachkraft,2600,2660,81112
953,81113 Zahnmedizin.Fachangestellte - Spezialist,3050,3058,81113
954,81132 Orthoptisten/Orthoptistinnen - Fachkraft,3624,3637,81132
955,81142 Tiermedizin. Fachangestellte - Fachkraft,2585,2661,81142
956,81143 Tiermedizin.Fachangestellte - Spezialist,3374,3432,81143
957,81182 Medizin. Fachangestellte (ssT)-Fachkraft,2951,3082,81182
958,81183 Medizin.Fachangestellte (ssT)-Spezialist,3308,3488,81183
959,81212 Med.-techn. Berufe Laborat. - Fachkraft,3640,3747,81212
960,81213 Med.-techn. Berufe Laborat. - Spezialist,0,,81213
961,81214 Med.-techn. Berufe Laborat. - Experte,10000,10599,81214
962,81222 Med.-tech.Berufe Funktionsdiag-Fachkraft,3637,3901,81222
963,81223 Med-tech.Berufe Funktionsdiag-Spezialist,5797,5826,81223
964,81224 Med.-tech. Berufe Funktionsdiag-Experte,5766,6169,81224
965,81232 Med.-tech.Berufe Radiologie - Fachkraft,4056,4037,81232
966,81233 Med.-tech. Berufe Radiologie -Spezialist,0,,81233
967,81234 Med.-techn. Berufe Radiologie - Experte,10859,11276,81234
968,81242 Med.-tech.Berufe Veterinärmed.-Fachkraft,3636,3905,81242
969,81243 Med.-tech.BerufeVeterinärmed.-Spezialist,0,,81243
970,81294 Führung - Medizinisches Laboratorium,0,,81294
971,"81301 Gesundheits-, Krankenpflege (oS)-Helfer",3063,3201,81301
972,"81302 Gesundheits-,Krankenpflege(oS)-Fachkraft",3988,4067,81302
973,81313 Fachkrankenpflege - Spezialist,4435,4570,81313
974,81323 Fachkinderkrankenpflege - Spezialist,4438,4566,81323
975,81332 Operationstechn. Assistenz - Fachkraft,4182,4261,81332
976,81333 Operationstechn. Assistenz - Spezialist,4152,4377,81333
977,81341 Rettungsdienst - Helfer,2756,2841,81341
978,81342 Rettungsdienst - Fachkraft,3717,3782,81342
979,81343 Rettungsdienst - Spezialist,4013,4193,81343
980,"81352 Geburtshilfe,Entbindungspflege-Fachkraft",3751,3535,81352
981,81353 GeburtshilfeEntbindungspflege-Spezialist,4042,4048,81353
982,"81382 Gesundheits,Krankenpflege(ssT)-Fachkraft",3912,4037,81382
983,"81383 Gesundheits-,Krankenpfl.(ssT)-Spezialist",0,,81383
984,"81393 Aufsicht-Krankenpfl.,Rettungsd.,Geburtsh",4954,5007,81393
985,"81394 Führung-Krankenpfl.,Rettungsd.,Geburtsh.",4953,5416,81394
986,81404 Ärzte/Ärztinnen (o.S.) - Experte,7022,7983,81404
987,"81414 Fachärzte Kinder-,Jugendmedizin -Experte",7259,7897,81414
988,81424 Fachärzte Innere Medizin - Experte,8231,9291,81424
989,81434 Fachärzte in der Chirurgie - Experte,9256,10636,81434
990,"81444 Fachärzte Sinnes,Geschlechtsorg.-Experte",8427,9882,81444
991,81454 Fachärzte Anästhesiologie - Experte,8748,9387,81454
992,"81464 Fachärzte Psychiatr.,Psychother.-Experte",7958,8460,81464
993,"81474 Zahnärzte, Kieferorthopäden - Experte",5289,6719,81474
994,81484 Ärzte/Ärztinnen (s.s.T.) - Experte,7727,8355,81484
995,81494 Führung - Human- und Zahnmedizin,13095,14852,81494
996,81504 Tierärzte/-ärztinnen (o.S.) - Experte,4725,5349,81504
997,"81514 Tierärzte für Groß-, Nutztiere - Experte",3316,3664,81514
998,"81524 Tierärzte für Haus-, Heimtiere - Experte",4690,5248,81524
999,81532 Tierheilpraktiker/innen - Fachkraft,0,,81532
1000,"81584 Tiermedizin, Tierheilkunde (ssT)-Experte",0,,81584
1001,81594 Führung - Tiermedizin und Tierheilkunde,0,,81594
1002,81614 Nicht klinische Psychologie - Experte,4911,4825,81614
1003,81623 Klinische Psychologie - Spezialist,0,,81623
1004,81624 Klinische Psychologie - Experte,4784,4776,81624
1005,81634 Nicht ärztliche Psychotherapie - Experte,4681,4403,81634
1006,81712 Physiotherapie - Fachkraft,2903,2961,81712
1007,81713 Physiotherapie - Spezialist,3040,3052,81713
1008,81714 Physiotherapie - Experte,2713,2674,81714
1009,81722 Ergotherapie - Fachkraft,0,,81722
1010,81723 Ergotherapie - Spezialist,3200,3205,81723
1011,81724 Ergotherapie - Experte,3455,3518,81724
1012,81733 Sprachtherapie - Spezialist,3200,3283,81733
1013,81734 Sprachtherapie - Experte,3800,3930,81734
1014,81743 Musik- und Kunsttherapie - Spezialist,3603,3584,81743
1015,81744 Musik- und Kunsttherapie - Experte,3791,3415,81744
1016,81752 Heilkunde und Homöopathie - Fachkraft,3618,3770,81752
1017,81753 Heilkunde und Homöopathie - Spezialist,2895,2584,81753
1018,"81762 Diät-, Ernährungstherapie - Fachkraft",3315,3346,81762
1019,"81763 Diät-, Ernährungstherapie - Spezialist",3823,3850,81763
1020,"81764 Diät-, Ernährungstherapie - Experte",0,,81764
1021,81772 Podologen/Podologinnen - Fachkraft,0,,81772
1022,"81782 Nichtärzt.Therapie,Heilk.(ssT)-Fachkraft",3163,3138,81782
1023,"81783 Nichtärzt.Therapie,Heilk(ssT)-Spezialist",3219,3434,81783
1024,"81784 Nichtärztl.Therapie,Heilk.(ssT)-Experte",5619,5436,81784
1025,"81794 Führung - Nichtärztl. Therapie,Heilkunde",4697,5017,81794
1026,"81804 Apotheker, Pharmazeuten - Experte",5129,5342,81804
1027,81814 Fachärzte in der Pharmakologie - Experte,7173,8692,81814
1028,81822 Pharmazeut.-techn. Assistenz - Fachkraft,2997,3105,81822
1029,81883 Pharmazie (s.s.T.) - Spezialist,6651,6845,81883
1030,81884 Pharmazie (s.s.T.) - Experte,6242,6844,81884
1031,81894 Führung - Pharmazie,9573,10220,81894
1032,82101 Altenpflege (o.S.) - Helfer,2913,3054,82101
1033,82102 Altenpflege (o.S.) - Fachkraft,3888,3920,82102
1034,82103 Altenpflege (o.S.) - Spezialist,3938,4226,82103
1035,82182 Altenpflege (s.s.T.) - Fachkraft,0,,82182
1036,82183 Altenpflege (s.s.T.) - Spezialist,3735,3703,82183
1037,82194 Führung - Altenpflege,5781,5980,82194
1038,82212 Gesundheitsberatung - Fachkraft,0,,82212
1039,82213 Gesundheitsberatung - Spezialist,0,,82213
1040,82214 Gesundheitsberatung - Experte,5356,5618,82214
1041,82222 Wellness - Fachkraft,2731,2954,82222
1042,82223 Wellness - Spezialist,2638,2909,82223
1043,82232 Ernährungsberatung - Fachkraft,0,,82232
1044,82233 Ernährungsberatung - Spezialist,2820,3125,82233
1045,82243 Qualitätsbeauft.Gesundheitsw.-Spezialist,4188,4487,82243
1046,"82283 Ernähr.,Gesundheitsber.(ssT)-Spezialist",3623,3812,82283
1047,"82284 Ernähr., Gesundheitsberat.(ssT)-Experte",3881,4476,82284
1048,82311 Friseurgewerbe - Helfer,1890,1974,82311
1049,82312 Friseurgewerbe - Fachkraft,2080,2047,82312
1050,82322 Kosmetik - Fachkraft,2427,2514,82322
1051,"82332 Tätowierer, Piercer - Fachkraft",0,,82332
1052,82342 Maskenbildnerei - Fachkraft,3201,3488,82342
1053,82343 Maskenbildnerei - Spezialist,3547,3896,82343
1054,82393 Aufsicht - Körperpflege,2332,2462,82393
1055,82401 Bestattungswesen - Helfer,3340,3637,82401
1056,82402 Bestattungswesen - Fachkraft,3200,3285,82402
1057,82403 Bestattungswesen - Spezialist,3351,3703,82403
1058,82493 Aufsicht - Bestattungswesen,0,,82493
1059,82494 Führung - Bestattungswesen,0,,82494
1060,82502 Medizintechnik (o.S.) - Fachkraft,3524,3630,82502
1061,82503 Medizintechnik (o.S.) - Spezialist,4582,4895,82503
1062,82504 Medizintechnik (o.S.) - Experte,5546,5998,82504
1063,"82512 Orthopädie-, Rehatechnik - Fachkraft",2350,2694,82512
1064,"82513 Orthopädie-, Rehatechnik - Spezialist",3140,3264,82513
1065,"82514 Orthopädie-, Rehatechnik - Experte",0,,82514
1066,82522 Augenoptik - Fachkraft,2500,2697,82522
1067,82523 Augenoptik - Spezialist,0,,82523
1068,82524 Augenoptik - Experte,5744,7027,82524
1069,82532 Hörgeräteakustik - Fachkraft,2827,3224,82532
1070,82533 Hörgeräteakustik - Spezialist,0,,82533
1071,82534 Hörgeräteakustik - Experte,0,,82534
1072,82542 Zahntechnik - Fachkraft,3018,3362,82542
1073,"82593 Aufsicht-Medizin-Orthopädie-,Rehatechnik",4000,4350,82593
1074,"82594 Führung-Medizin-Orthopädie-,Rehatechnik",6500,6003,82594
1075,"83111 Kinderbetreuung, -erziehung - Helfer",2871,2839,83111
1076,"83112 Kinderbetreuung, -erziehung - Fachkraft",3432,3494,83112
1077,"83113 Kinderbetreuung, -erziehung - Spezialist",3526,3579,83113
1078,"83122 Sozialarbeit, Sozialpädagogik-Fachkraft",3204,3222,83122
1079,"83123 Sozialarbeit, Sozialpädagogik-Spezialist",4443,4392,83123
1080,"83124 Sozialarbeit, Sozialpädagogik - Experte",4076,4178,83124
1081,"83131 Heilerziehungspflege, Sonderpäd. -Helfer",2976,2991,83131
1082,"83132 Heilerziehungspflege,Sonderpäd-Fachkraft",3964,3977,83132
1083,"83133 Heilerziehungspfl.,Sonderpäd.-Spezialist",3821,3862,83133
1084,"83134 Heilerziehungspflege,Sonderpäd.-Experte",4064,4197,83134
1085,83141 Haus- und Familienpflege - Helfer,2995,3084,83141
1086,83142 Haus- und Familienpflege - Fachkraft,3029,3156,83142
1087,83143 Haus- und Familienpflege - Spezialist,3023,3075,83143
1088,"83154 Sozial-,Erziehungs-, Suchtberat.-Experte",4183,4302,83154
1089,"83193 Aufsicht-Erziehung,Sozialarbeit,Heilerz.",4642,4584,83193
1090,"83194 Führung-Erziehung,Sozialarbeit,Heilerz.",5044,5241,83194
1091,83211 Hauswirtschaft - Helfer,2554,2652,83211
1092,83212 Hauswirtschaft - Fachkraft,2439,2571,83212
1093,83213 Hauswirtschaft - Spezialist,2974,3149,83213
1094,83223 Verbraucherberatung - Spezialist,4302,4458,83223
1095,"83293 Aufsicht-Hauswirtschaft,Verbraucherber.",3660,3868,83293
1096,83314 Theologie - Experte,4911,5202,83314
1097,83322 Gemeindearbeit - Fachkraft,0,,83322
1098,83323 Gemeindearbeit - Spezialist,5464,5284,83323
1099,"83332 Angeh.geistl.Orden,Mutterhäus.-Fachkraft",3515,3257,83332
1100,"83333 Angeh.geistl.Orden, Mutterh.-Spezialist",8456,9346,83333
1101,"83382 Theologie,Gemeindearbeit (ssT)-Fachkraft",3322,3352,83382
1102,"83383 Theologie,Gemeindearbeit(ssT)-Spezialist",0,,83383
1103,"83384 Theologie, Gemeindearbeit (ssT)-Experte",3683,3995,83384
1104,83394 Führung - Theologie und Gemeindearbeit,7285,7386,83394
1105,84114 Lehrkräfte in der Primarstufe - Experte,4965,4886,84114
1106,84124 Lehrkräfte in d. Sekundarstufe - Experte,5358,5322,84124
1107,84134 Lehrkräfte an Förderschulen - Experte,5223,5132,84134
1108,84144 Lehrerausbildung - Experte,6344,6092,84144
1109,84183 Lehrkräfte allg. Schule (ssT)-Spezialist,3476,3729,84183
1110,84184 Lehrkräfte allg. Schule (ssT)-Experte,5409,6156,84184
1111,84194 Führung - Allgemeinbildende Schulen,7135,7078,84194
1112,84213 Lehrkräfte berufsbild. Fächer-Spezialist,4600,4619,84213
1113,84214 Lehrkräfte berufsbildende Fächer-Experte,5802,5624,84214
1114,"84223 Betriebl.Ausbild., Berufspäd.-Spezialist",3988,4287,84223
1115,"84224 Betriebl. Ausbild., Berufspäd.-Experte",4148,4864,84224
1116,"84294 Führung - BBS, betriebl.Ausb., Betr.päd.",7215,7186,84294
1117,84304 Hochschullehre und -forschung - Experte,5598,6045,84304
1118,84394 Führung - Hochschullehre und -forschung,10132,11217,84394
1119,84404 Erwachsenenbildung (o.S.) - Experte,3599,4076,84404
1120,84412 Musikpädagogik - Fachkraft,4053,4127,84412
1121,84413 Musikpädagogik - Spezialist,0,,84413
1122,84414 Musikpädagogik - Experte,3797,3724,84414
1123,84424 Religionspädagogik - Experte,4865,5172,84424
1124,"84434 Kunst-, Theaterpädagogik - Experte",3700,3815,84434
1125,84444 IT-Anwendungstraining - Experte,4486,4646,84444
1126,84454 (Fremd-)Sprachenlehrer/innen - Experte,3618,4056,84454
1127,84483 Lehrkr.außerschul.Bild.(ssT)-Spezialist,5084,5079,84483
1128,84484 Lehrkr. außerschul.Bild.(ssT)-Experte,5050,5197,84484
1129,84494 Führung-Außerschul.Bildungseinrichtungen,5500,5244,84494
1130,84503 Sportlehrer/innen (o.S.) - Spezialist,0,,84503
1131,84504 Sportlehrer/innen (o.S.) - Experte,3257,3965,84504
1132,84513 Fahrlehrer/innen - Spezialist,3608,3610,84513
1133,84523 Fluglehrer/innen - Spezialist,0,,84523
1134,84533 Tanzlehrer/innen - Spezialist,0,,84533
1135,84543 Trainer - Ballsportarten - Spezialist,4888,11023,84543
1136,"84553 Trainer - Fitness,Gymnastik - Spezialist",2600,2685,84553
1137,84583 Sportlehrer/innen (s.s.T.) - Spezialist,3120,3065,84583
1138,"91104 Sprach-, Literaturwissen.(oS) - Experte",4911,4985,91104
1139,91114 Germanistik - Experte,4511,4557,91114
1140,"91124 Anglistik, Amerikanistik - Experte",0,,91124
1141,91134 Romanistik - Experte,0,,91134
1142,"91144 Slawistik, verwandte Bereiche - Experte",0,,91144
1143,"91154 Arabistik, Orientalistik - Experte",0,,91154
1144,"91164 Sprach-,Literaturwis. asiat.Raum-Experte",4967,5082,91164
1145,91174 Altphilologie - Experte,0,,91174
1146,"91184 Sprach-,Literaturwissensch.(ssT)-Experte",4000,4258,91184
1147,"91214 Philosophie, Religion, Ethik - Experte",6246,6489,91214
1148,91224 Geschichtswissenschaften - Experte,4911,4802,91224
1149,91233 Archäologie - Spezialist,3087,3409,91233
1150,91234 Archäologie - Experte,4166,4386,91234
1151,"91244 Medien-, Theaterwissenschaft - Experte",0,,91244
1152,91254 Regionalwissenschaft - Experte,5330,6412,91254
1153,"91264 Anthropologie, Ethnologie - Experte",3757,4137,91264
1154,91314 Politologie - Experte,5578,6154,91314
1155,91324 Soziologie - Experte,4530,4633,91324
1156,91334 Erziehungswissenschaft - Experte,3500,3664,91334
1157,"91341 Markt-, Meinungsforschung - Helfer",3943,4275,91341
1158,"91342 Markt-, Meinungsforschung - Fachkraft",4212,4333,91342
1159,"91343 Markt-, Meinungsforschung - Spezialist",5868,6217,91343
1160,"91344 Markt-, Meinungsforschung - Experte",5999,6328,91344
1161,91354 Demografie - Experte,0,,91354
1162,91384 Gesellschaftswissenschaften(ssT)-Experte,4911,5498,91384
1163,91404 Wirtschaftswissenschaften (oS) - Experte,5837,6620,91404
1164,91484 Wirtschaftswissenschaften(ssT) - Experte,3759,4235,91484
1165,92112 Werbung und Marketing - Fachkraft,3999,4407,92112
1166,92113 Werbung und Marketing - Spezialist,5184,5734,92113
1167,92114 Werbung und Marketing - Experte,5734,6309,92114
1168,92122 Dialogmarketing - Fachkraft,2579,2932,92122
1169,92123 Dialogmarketing - Spezialist,3682,4159,92123
1170,92133 Kundenmanagement - Spezialist,5430,5963,92133
1171,92193 Aufsicht - Werbung und Marketing,3341,3742,92193
1172,92194 Führung - Werbung und Marketing,7750,8412,92194
1173,92203 Öffentlichkeitsarbeit - Spezialist,5063,5532,92203
1174,92204 Öffentlichkeitsarbeit - Experte,6211,7092,92204
1175,92294 Führung - Öffentlichkeitsarbeit,7384,8342,92294
1176,"92302 Verlags-,Medienkaufleute(oS) - Fachkraft",3717,4114,92302
1177,"92303 Verlags-,Medienkaufleute(oS) -Spezialist",0,,92303
1178,"92304 Verlags-, Medienkaufleute (oS) - Experte",4900,5634,92304
1179,"92382 Verlags-, Medienkaufleute(ssT)-Fachkraft",3556,4116,92382
1180,"92383 Verlags-,Medienkaufleute(ssT)-Spezialist",4167,4804,92383
1181,"92384 Verlags-, Medienkaufleute (ssT) -Experte",3550,3869,92384
1182,92394 Führung - Verlags- und Medienwirtschaft,8065,9093,92394
1183,"92412 Redakteure, Journalisten - Fachkraft",3500,3723,92412
1184,"92413 Redakteure, Journalisten - Spezialist",4636,4907,92413
1185,"92414 Redakteure, Journalisten - Experte",5324,5461,92414
1186,92424 Lektoren/innen - Experte,3102,3763,92424
1187,"92434 Autoren, Schriftsteller - Experte",4800,5281,92434
1188,92494 Führung - Redaktion und Journalismus,6723,7194,92494
1189,"93102 Produkt-, Industriedesign - Fachkraft",4525,4819,93102
1190,"93103 Produkt-, Industriedesign - Spezialist",0,,93103
1191,"93104 Produkt-, Industriedesign - Experte",5598,5915,93104
1192,93212 Innenarchitektur - Fachkraft,0,,93212
1193,93213 Innenarchitektur - Spezialist,3875,4020,93213
1194,93214 Innenarchitektur - Experte,3779,4131,93214
1195,93222 Visuelles Marketing - Fachkraft,2847,3102,93222
1196,93223 Visuelles Marketing - Spezialist,3400,3865,93223
1197,93232 Raumausstattung - Fachkraft,2750,2957,93232
1198,93233 Raumausstattung - Spezialist,0,,93233
1199,"93293 Aufsicht-Innenarchitektur,Raumausstatt.",3370,3485,93293
1200,"93302 Kunsthandw., bild.Kunst (oS) - Fachkraft",2240,2314,93302
1201,"93303 Kunsthandwerk,bild.Kunst (oS)-Spezialist",4514,4195,93303
1202,"93304 Kunsthandwerk, bild. Kunst (oS)-Experte",3686,4603,93304
1203,93312 Bildhauerei - Fachkraft,2317,2498,93312
1204,93313 Bildhauerei - Spezialist,0,,93313
1205,"93323 Kunstmaler, Zeichner - Spezialist",3400,3588,93323
1206,"93332 Drechslerei,Spielzeugherstell.-Fachkraft",2146,2372,93332
1207,"93333 Drechslerei, Spielzeugherst.-Spezialist",0,,93333
1208,93342 Vergolderhandwerk - Fachkraft,0,,93342
1209,93343 Vergolderhandwerk - Spezialist,0,,93343
1210,93352 Wachszieherei - Fachkraft,3375,3225,93352
1211,"93382 Kunsthandwerk, bild.Kunst(ssT)-Fachkraft",0,,93382
1212,"93383 Kunsthandwerk,bild.Kunst(ssT)-Spezialist",3311,3407,93383
1213,"93393 Aufsicht - Kunsthandwerk,bildende Kunst",2320,2573,93393
1214,93412 Kunsthandw. Keramikgestaltung-Fachkraft,2959,3074,93412
1215,93413 Kunsthandw. Keramikgestaltung-Spezialist,2940,3248,93413
1216,93422 KunsthandGlasKeramPorzellanmal-Fachkraft,2143,2343,93422
1217,93432 Kunsthandwerkl. Glasbläserei - Fachkraft,0,,93432
1218,93433 Kunsthandwerkl. Glasbläserei-Spezialist,5002,5137,93433
1219,"93493 Aufsicht-Kunsthandw.Keramik,Glasgestalt.",0,,93493
1220,93512 Kunsthandw. Metallgestaltung - Fachkraft,3435,3676,93512
1221,93513 Kunsthandw. Metallgestaltung-Spezialist,0,,93513
1222,93522 Kunsth.Schmuckher.Edelsteinbe.-Fachkraft,0,,93522
1223,93523 Kunsth.SchmuckherEdelsteinbe.-Spezialist,0,,93523
1224,93524 Kunsth.Schmuckher.Edelsteinbear.-Experte,0,,93524
1225,93532 Gravur - Fachkraft,3327,3437,93532
1226,93533 Gravur - Spezialist,0,,93533
1227,"93542 Schilder-,Lichtreklameherst. - Fachkraft",2720,2766,93542
1228,93593 Aufsicht-Kunsthandwerkl.Metallgestaltung,0,,93593
1229,93602 Musikinstrumentenbau (o.S.) - Fachkraft,2636,2788,93602
1230,93603 Musikinstrumentenbau (o.S.) - Spezialist,0,,93603
1231,93604 Musikinstrumentenbau (o.S.) - Experte,0,,93604
1232,"93612 Streich-,Zupfinstrumentenbau - Fachkraft",2500,2561,93612
1233,"93613 Streich-,Zupfinstrumentenbau-Spezialist",0,,93613
1234,93622 Holzblasinstrumentenbau - Fachkraft,2837,2721,93622
1235,93623 Holzblasinstrumentenbau - Spezialist,0,,93623
1236,93632 Metallblasinstrumentenbau - Fachkraft,2838,3014,93632
1237,93633 Metallblasinstrumentenbau - Spezialist,0,,93633
1238,93642 Klavier- und Cembalobau - Fachkraft,3866,3999,93642
1239,93643 Klavier- und Cembalobau - Spezialist,0,,93643
1240,93652 Orgel- und Harmoniumbau - Fachkraft,0,,93652
1241,93653 Orgel- und Harmoniumbau - Spezialist,0,,93653
1242,93682 Musikinstrumentenbau (s.s.T.)-Fachkraft,0,,93682
1243,93683 Musikinstrumentenbau (s.s.T.)-Spezialist,0,,93683
1244,93693 Aufsicht - Musikinstrumentenbau,4136,4102,93693
1245,94114 Musiker/innen - Experte,5505,5843,94114
1246,94124 Sänger/innen - Experte,4079,4214,94124
1247,94134 Dirigenten/Dirigentinnen - Experte,5039,5836,94134
1248,94144 Komponisten/Komponistinnen - Experte,0,,94144
1249,94183 MusikGesangDirigententät(ssT)-Spezialist,4500,4676,94183
1250,"94184 MusikGesangs,Dirigententät.(ssT)-Experte",3300,3575,94184
1251,94214 Schauspieler/innen - Experte,3246,3782,94214
1252,"94224 Tänzer, Choreografen - Experte",5410,5629,94224
1253,"94232 MannequinDressmen,sonst.Models-Fachkraft",2892,3620,94232
1254,"94243 Athleten, Berufssportler - Spezialist",0,,94243
1255,94252 Personenbezog.Dienstleistungen-Fachkraft,0,,94252
1256,94283 SchauspielTanzBewegungsk(ssT)-Spezialist,0,,94283
1257,"94303 Moderation,Unterhaltung (oS) -Spezialist",4713,5346,94303
1258,"94313 Komiker, Kabarettisten - Spezialist",0,,94313
1259,"94323 Zauberer, Illusionisten - Spezialist",5475,5535,94323
1260,"94334 Hörfunk-, Fernsehmoderatoren - Experte",4096,5591,94334
1261,94342 Glücks- und Wettspiel - Fachkraft,0,,94342
1262,"94382 Moderation,Unterhaltung(ssT) -Fachkraft",0,,94382
1263,"94383 Moderation,Unterhaltung(ssT) -Spezialist",0,,94383
1264,"94402 Theater-Film-,Fernsehprod.(oS)-Fachkraft",3750,4160,94402
1265,"94403 Theater-Film,Fernsehprod.(oS)-Spezialist",4450,4931,94403
1266,"94404 Theater-,Film-, Fernsehprod.(oS)-Experte",5000,5474,94404
1267,94413 Regie - Spezialist,2915,3292,94413
1268,94414 Regie - Experte,5350,5666,94414
1269,"94482 Theater-Film,Fernsehprod.(ssT)-Fachkraft",3542,4018,94482
1270,"94483 TheaterFilm,Fernsehprod.(ssT)-Spezialist",4080,4553,94483
1271,"94484 Theater-Film-,Fernsehprod.(ssT)-Experte",0,,94484
1272,"94493 Aufsicht-Theater-Film-,Fernsehproduktion",4842,5447,94493
1273,"94494 Führung-Theater-,Film-,Fernsehproduktion",4377,5912,94494
1274,"94512 Veranstaltungs-, Bühnentechnik-Fachkraft",3245,3361,94512
1275,"94513 Veranstaltungs-,Bühnentechnik-Spezialist",3547,3782,94513
1276,"94514 Veranstaltungs-, Bühnentechnik - Experte",4928,5717,94514
1277,94522 Kameratechnik - Fachkraft,2800,3184,94522
1278,94523 Kameratechnik - Spezialist,5239,5361,94523
1279,94532 Bild- und Tontechnik - Fachkraft,3518,3721,94532
1280,94533 Bild- und Tontechnik - Spezialist,4459,4760,94533
1281,94534 Bild- und Tontechnik - Experte,5091,5555,94534
1282,"94582 Veranstalt.-Kamera-,Tont.(ssT)-Fachkraft",3936,4260,94582
1283,"94593 Aufsicht-Veranstaltungs-Kamera-,Tontech.",4602,5918,94593
1284,94612 Bühnen- und Kostümbildnerei - Fachkraft,3129,3453,94612
1285,94613 Bühnen- und Kostümbildnerei - Spezialist,3742,3800,94613
1286,94614 Bühnen- und Kostümbildnerei - Experte,3089,3807,94614
1287,94622 Requisite - Fachkraft,3446,3461,94622
1288,94623 Requisite - Spezialist,3274,3506,94623
1289,"94693 Aufsicht-Bühnen-,Kostümbildn.,Requisite",4645,4922,94693
1290,94704 Museum (o.S.) - Experte,4400,4375,94704
1291,"94712 Museums-,Ausstellungstechnik - Fachkraft",3191,3756,94712
1292,"94713 Museums-,Ausstellungstechnik-Spezialist",3769,4035,94713
1293,"94714 Museums-, Ausstellungstechnik - Experte",3149,4221,94714
1294,94724 Kunstsachverständige - Experte,0,,94724
1295,94794 Führung - Museum,0,,94794
1296,01104 Offiziere,5330,5564,01104
1297,01203 Unteroffiziere mit Portepee,3785,3815,01203
1298,01302 Unteroffiziere ohne Portepee,3029,3089,01302
1299,01402 Angeh. reguläre Streitkräfte sonst.Ränge,2627,2704,01402
